0,0,0.9999999996275379,3.724620788789859E-10,
0,0,0.999999999640046,3.5995402399576104E-10,
1,0,0.999999975480622,2.4519377989967283E-8,
1,0,0.9999964609554745,3.5390445256011905E-6,
1,0,0.9999878140173402,1.2185982659827093E-5,
1,0,0.999984381399782,1.5618600218090662E-5,
1,0,0.9999985427433381,1.457256661892379E-6,
1,0,0.9999752272143528,2.4772785647259756E-5,
1,0,0.99990951887868,9.048112132003967E-5,
1,0,0.9999983476459628,1.6523540371535013E-6,
1,0,0.9999978821951072,2.117804892869006E-6,
1,0,0.9999998024056274,1.9759437254865306E-7,
1,0,0.9999966409062865,3.359093713518868E-6,
1,0,0.9994971398662233,5.028601337766489E-4,
1,0,0.9993555804068279,6.444195931720907E-4,
1,0,0.9989782575378167,0.0010217424621833426,
1,0,0.9997928786784123,2.0712132158772696E-4,
1,0,0.9999999795052371,2.049476284632178E-8,
1,0,0.9999714332337278,2.856676627217401E-5,
1,0,0.9999985598715596,1.4401284403639684E-6,
1,0,0.9999999318032526,6.81967472368698E-8,
1,0,0.9999992298990572,7.701009428192225E-7,
1,0,0.9999998771158927,1.2288410730414126E-7,
1,0,0.9996240400617391,3.759599382608286E-4,
1,0,0.9998261105492525,1.7388945074747308E-4,
1,0,0.9999978479121249,2.1520878750991446E-6,
1,0,0.9978669601480203,0.002133039851979687,
1,0,0.9999324569303559,6.754306964414489E-5,
1,0,0.9998556779753374,1.4432202466255063E-4,
1,0,0.9999221244440629,7.787555593710299E-5,
1,0,0.9999930952650721,6.904734927884345E-6,
1,0,0.9999697529368383,3.024706316174134E-5,
1,0,0.9999353671292932,6.463287070685316E-5,
1,0,0.9999993281794519,6.718205480703175E-7,
1,0,0.9999961191156759,3.880884324103845E-6,
1,0,0.999862118380638,1.3788161936193226E-4,
1,0,0.9999994879830855,5.120169145245739E-7,
1,0,0.9999999542275823,4.5772417645144046E-8,
1,0,0.9999997953837112,2.0461628877683774E-7,
1,0,0.9999996532470058,3.4675299424602216E-7,
1,0,0.9999996493701383,3.5062986169670565E-7,
1,0,0.9960129294116118,0.003987070588388149,
1,0,0.999938351081426,6.164891857398175E-5,
1,0,0.9999723925389463,2.760746105371663E-5,
1,0,0.9998411009934486,1.5889900655141975E-4,
1,0,0.9999996891575447,3.108424553443641E-7,
1,0,0.9999947157045405,5.2842954595201825E-6,
1,0,0.9999983423661553,1.6576338446953283E-6,
1,0,0.9999904580547674,9.54194523259163E-6,
1,0,0.9999959134692725,4.086530727459522E-6,
1,0,0.9999998954725815,1.0452741845668122E-7,
1,0,0.9968360458486621,0.003163954151337796,
1,0,0.9999995084544141,4.915455859503972E-7,
1,0,0.9999992557606368,7.442393632404241E-7,
1,0,0.9999999670257532,3.297424674223393E-8,
1,0,0.9999999852340596,1.4765940430907095E-8,
1,0,0.9999999683441216,3.165587828440476E-8,
1,0,0.999999985824428,1.4175572116908668E-8,
1,0,0.999999642530885,3.574691150056344E-7,
1,0,0.9999998867385569,1.1326144314952725E-7,
1,0,0.9999999519190104,4.8080989544952476E-8,
1,0,0.9999997807986452,2.1920135482278895E-7,
1,0,0.9999994358679172,5.641320827813771E-7,
1,0,0.9999999857299308,1.4270069304109463E-8,
1,0,0.9999998318247088,1.6817529126838173E-7,
1,0,0.999999846119975,1.538800249089967E-7,
1,0,0.999999936637631,6.336236893323563E-8,
1,0,0.999680692267963,3.1930773203706525E-4,
1,0,0.9993980623356382,6.019376643617167E-4,
1,0,0.9999469361076166,5.30638923834172E-5,
1,0,0.9999392150299069,6.078497009311287E-5,
1,0,0.999730361366136,2.696386338640311E-4,
1,0,0.9999762371760741,2.3762823925909995E-5,
1,0,0.9999990408605222,9.591394778815318E-7,
1,0,0.9999960445989419,3.955401058220099E-6,
1,0,0.9999201818739529,7.981812604698868E-5,
1,0,0.9999995980746615,4.019253384994037E-7,
1,0,0.9999985694197583,1.4305802417274778E-6,
1,0,0.9999994522916524,5.477083475322339E-7,
1,0,0.9999611141981907,3.8885801809311015E-5,
1,0,0.9999987211477717,1.278852228309489E-6,
1,0,0.9999982572937041,1.742706295977576E-6,
1,0,0.9999985694197583,1.4305802417274775E-6,
1,0,0.9999859328053873,1.4067194612772613E-5,
1,0,0.9999808305648112,1.91694351887994E-5,
1,0,0.999999834501292,1.6549870792218048E-7,
1,0,0.9999997744729606,2.255270392915328E-7,
1,0,0.9999839878329927,1.6012167007335585E-5,
1,0,0.9994398790922269,5.601209077730803E-4,
1,0,0.999855339028126,1.4466097187392125E-4,
1,0,0.9995840004800859,4.159995199140145E-4,
1,0,0.987592664190141,0.012407335809858921,
1,0,0.9999966812547424,3.3187452576806797E-6,
1,0,0.9999555306435696,4.446935643034559E-5,
1,0,0.9869845766258958,0.013015423374104173,
1,0,0.9918203491395797,0.00817965086042027,
1,0,0.9004861377206587,0.09951386227934134,
1,1,0.11304161289536706,0.886958387104633,
1,0,0.9999989017945852,1.0982054147895275E-6,
1,0,0.9999995854232638,4.1457673616118737E-7,
1,0,0.9999929522422346,7.047757765357599E-6,
1,0,0.9999816886095312,1.8311390468818487E-5,
1,0,0.9999235274643478,7.64725356523086E-5,
1,0,0.9987015556192579,0.0012984443807420648,
1,0,0.999993940520186,6.059479813973273E-6,
1,0,0.9999743642411143,2.563575888578949E-5,
1,0,0.999990038408387,9.961591613062386E-6,
1,0,0.9998306799297362,1.6932007026379076E-4,
1,0,0.9997864376699778,2.1356233002231832E-4,
1,0,0.9790240752945121,0.02097592470548787,
1,0,0.6072465833591288,0.39275341664087116,
1,1,0.017494186974160955,0.9825058130258391,
1,0,0.9946422506640511,0.005357749335948969,
1,0,0.9989738893031771,0.0010261106968229015,
1,0,0.9999747228681342,2.527713186584331E-5,
1,0,0.9994496787269174,5.503212730826019E-4,
1,0,0.9968802498878627,0.0031197501121371864,
1,0,0.9975936688513695,0.0024063311486305643,
1,0,0.9995402448701287,4.597551298712244E-4,
1,0,0.9987781114456752,0.0012218885543248213,
1,0,0.9645978117019587,0.035402188298041225,
1,0,0.9994380130976389,5.619869023610896E-4,
1,0,0.9992798209367487,7.201790632512835E-4,
1,0,0.9806992485804807,0.01930075141951924,
1,0,0.9988581897935565,0.0011418102064435387,
1,0,0.9615301036639069,0.038469896336093067,
1,0,0.9997685171047012,2.314828952988478E-4,
1,0,0.9960418073090986,0.003958192690901479,
1,0,0.9999828841891815,1.711581081859903E-5,
1,0,0.9999929522422346,7.047757765357604E-6,
1,0,0.9999997928626855,2.0713731447694253E-7,
1,0,0.999999959809171,4.019082892166202E-8,
1,0,0.9999997928626855,2.0713731447694253E-7,
1,0,0.9999972243671152,2.775632884770473E-6,
1,0,0.9999992887640732,7.112359268182953E-7,
1,0,0.9999979541563929,2.045843607055213E-6,
1,0,0.9999747999463379,2.5200053662144287E-5,
1,0,0.9999616512451275,3.8348754872606216E-5,
1,0,0.9998896990274689,1.1030097253101618E-4,
1,0,0.9999717925741917,2.8207425808414874E-5,
1,0,0.9999997372138693,2.6278613060820113E-7,
1,0,0.999995532654563,4.4673454370366765E-6,
1,0,0.9999401408870442,5.985911295573586E-5,
1,0,0.9999900168330249,9.98316697505732E-6,
1,0,0.9998540696241192,1.4593037588075096E-4,
1,0,0.999994776196687,5.2238033130269555E-6,
1,0,0.9999976607626478,2.339237352160098E-6,
1,0,0.9999410141602804,5.8985839719733796E-5,
1,0,0.9997640493240505,2.3595067594959238E-4,
1,0,0.99987958593494,1.2041406505996951E-4,
1,0,0.9999996262914502,3.7370854977001924E-7,
1,0,0.9999978902243537,2.1097756463450262E-6,
1,0,0.9999998029536389,1.9704636105302198E-7,
1,0,0.999999846119975,1.538800249089967E-7,
1,0,0.9999973840460172,2.6159539827639193E-6,
1,0,0.9998143012717767,1.8569872822329995E-4,
1,0,0.9992248919336225,7.751080663775028E-4,
1,0,0.9999991343555306,8.656444694434856E-7,
1,0,0.9999963376682564,3.662331743672961E-6,
1,0,0.9999991312677734,8.687322266303611E-7,
1,0,0.9999989127686933,1.0872313066780922E-6,
1,0,0.9999987837753054,1.2162246946530706E-6,
1,0,0.9994182649008055,5.817350991943534E-4,
1,0,0.9998904216656807,1.0957833431928473E-4,
1,0,0.9996900063959054,3.099936040945738E-4,
1,0,0.9982181768591399,0.0017818231408600954,
1,0,0.9996619410228322,3.380589771677394E-4,
1,0,0.9997394140352718,2.605859647282682E-4,
1,0,0.998501817208249,0.001498182791750988,
1,0,0.9997410321624851,2.589678375149485E-4,
1,0,0.9999815492420235,1.8450757976500356E-5,
1,0,0.996803969828011,0.0031960301719889082,
1,0,0.9999509276117434,4.907238825666822E-5,
1,0,0.992069200174225,0.00793079982577509,
1,0,0.996316875563773,0.003683124436226943,
1,0,0.9420077555143528,0.057992244485647174,
1,0,0.9999404168892566,5.958311074345841E-5,
1,0,0.9998726851912694,1.2731480873061387E-4,
1,0,0.9983473275556147,0.0016526724443853176,
1,0,0.9999733176741643,2.668232583569979E-5,
1,0,0.9999429841404541,5.701585954588972E-5,
1,0,0.999999023896167,9.761038330401753E-7,
1,0,0.9999986698521968,1.3301478032453461E-6,
1,0,0.9999998757684972,1.242315027617789E-7,
1,0,0.9999995980746615,4.019253384994037E-7,
1,0,0.9999941004302304,5.899569769552506E-6,
1,0,0.9999992491417997,7.508582002618877E-7,
1,0,0.9999926166100016,7.383389998311384E-6,
1,0,0.9997780917806911,2.2190821930897155E-4,
1,0,0.999900616833545,9.938316645495418E-5,
1,0,0.9998966635416743,1.033364583256175E-4,
1,0,0.9999584340472047,4.1565952795191146E-5,
1,0,0.9999919402283003,8.05977169961149E-6,
1,0,0.9999418086335985,5.8191366401432035E-5,
1,0,0.9994280788780847,5.719211219153185E-4,
1,0,0.9999890168855883,1.0983114411710466E-5,
1,0,0.999892009851887,1.0799014811314295E-4,
1,0,0.9923902241415115,0.007609775858488533,
1,0,0.9923902241415115,0.007609775858488533,
1,0,0.6474850806559899,0.3525149193440101,
1,0,0.9999973329338913,2.6670661087939334E-6,
1,0,0.9999642624960394,3.573750396069693E-5,
1,0,0.9999846237073755,1.5376292624562195E-5,
1,0,0.9998488203230079,1.5117967699211613E-4,
1,0,0.99999899317138,1.0068286200947073E-6,
1,0,0.9999966812547424,3.318745257680677E-6,
1,0,0.9999954775119063,4.522488093647931E-6,
1,0,0.9998143012717767,1.8569872822329998E-4,
1,0,0.9999985034630479,1.4965369521707E-6,
1,0,0.9999852842478373,1.4715752162787682E-5,
1,0,0.999937744008391,6.225599160893149E-5,
1,0,0.9997616019528507,2.3839804714933892E-4,
1,0,0.9928530888958499,0.007146911104150221,
1,0,0.9928971643478322,0.007102835652167884,
1,0,0.9988130884872204,0.001186911512779652,
1,0,0.9655774922676715,0.034422507732328404,
1,0,0.6153629002771172,0.3846370997228829,
1,1,0.05062850144644968,0.9493714985535504,
1,0,0.993291394723496,0.006708605276504,
1,0,0.9940227606338637,0.00597723936613629,
1,0,0.9709056132170598,0.029094386782940154,
1,1,0.05965789718312561,0.9403421028168745,
1,0,0.9398187155949363,0.06018128440506357,
1,0,0.9999350301585547,6.496984144535349E-5,
1,0,0.9999075667006885,9.243329931149971E-5,
1,0,0.9972344143546211,0.002765585645378796,
1,0,0.9976742905397785,0.0023257094602215206,
1,0,0.9995556775479388,4.443224520611455E-4,
1,0,0.9999890608088329,1.0939191167145608E-5,
1,0,0.9990510046235774,9.489953764225933E-4,
1,0,0.9998783667377674,1.2163326223252033E-4,
1,0,0.9999692883851917,3.071161480835571E-5,
1,0,0.999999361805351,6.381946490360566E-7,
1,0,0.999991448259378,8.551740621911857E-6,
1,0,0.9999994969523851,5.03047614872672E-7,
1,0,0.999999314491172,6.855088280696642E-7,
1,0,0.9999932592040083,6.740795991621117E-6,
1,0,0.9999258562419717,7.414375802836306E-5,
1,0,0.9999842288002957,1.5771199704358663E-5,
1,0,0.9605367111676147,0.03946328883238521,
1,0,0.9999907661581863,9.233841813730776E-6,
1,0,0.9999732736253859,2.6726374614152034E-5,
1,0,0.9999734396233035,2.656037669644038E-5,
1,0,0.9999996906943592,3.093056407785554E-7,
1,0,0.7653277224034903,0.23467227759650977,
1,0,0.9999456164516913,5.4383548308723455E-5,
1,0,0.9999756461961867,2.4353803813245662E-5,
1,0,0.9998598257512666,1.4017424873326181E-4,
1,0,0.9999996525878567,3.474121432683548E-7,
1,0,0.9999965837910749,3.4162089251187173E-6,
1,0,0.9819223343858424,0.01807766561415755,
1,0,0.9999558596040151,4.414039598494072E-5,
1,0,0.9999915826317037,8.417368296236972E-6,
1,0,0.9999984501001226,1.549899877462125E-6,
1,0,0.999997320515103,2.6794848970339725E-6,
1,0,0.9999736523554625,2.634764453747948E-5,
1,0,0.9996470568735263,3.529431264737505E-4,
1,0,0.9999963725637936,3.6274362063886204E-6,
1,0,0.9999963950943721,3.604905627942512E-6,
1,0,0.9996851156635393,3.1488433646072953E-4,
1,0,0.5492899668899675,0.4507100331100325,
1,0,0.9999972337638959,2.766236104079282E-6,
1,0,0.9972078992858009,0.0027921007141990797,
1,0,0.9998996079352932,1.0039206470691284E-4,
1,0,0.9990136860235681,9.863139764318442E-4,
1,0,0.9999247251732056,7.527482679444053E-5,
1,0,0.9977326227843614,0.0022673772156387158,
1,0,0.9999871181838057,1.2881816194317662E-5,
1,0,0.9994909255335213,5.090744664786438E-4,
1,0,0.9988122914078196,0.0011877085921804596,
1,0,0.9999999709120037,2.9087996346371033E-8,
1,0,0.9999998464901856,1.5350981445209194E-7,
1,0,0.9999995764246762,4.2357532382173775E-7,
1,0,0.9999998041269733,1.958730267148451E-7,
1,0,0.9999996206722217,3.7932777825342245E-7,
1,0,0.9999998128957713,1.8710422869689478E-7,
1,0,0.9999998516453651,1.4835463488080913E-7,
1,0,0.9999994376762217,5.623237783041284E-7,
1,0,0.999999748190098,2.5180990199151293E-7,
1,0,0.9999936500802891,6.3499197109182994E-6,
1,0,0.9999983719254112,1.6280745887894517E-6,
1,0,0.9999993296157038,6.703842962283844E-7,
1,0,0.9999627854546658,3.721454533424251E-5,
1,0,0.9999999885187894,1.1481210723807464E-8,
1,0,0.9999983056765603,1.694323439652632E-6,
1,0,0.9999970979700656,2.9020299344437223E-6,
1,0,0.998640793966433,0.001359206033566949,
1,0,0.9999828841891815,1.7115810818599024E-5,
1,0,0.9999987399390461,1.2600609539390412E-6,
1,0,0.9999989672759003,1.0327240997270064E-6,
1,0,0.9999989024823707,1.0975176293477699E-6,
1,0,0.9999852934639112,1.470653608879558E-5,
1,0,0.9096817601751059,0.09031823982489409,
1,0,0.9999813425279316,1.865747206843986E-5,
1,0,0.9983015489287657,0.0016984510712343057,
1,0,0.9992999383704184,7.000616295815922E-4,
1,0,0.99995692816434,4.307183565998545E-5,
1,0,0.9962737050464227,0.0037262949535773237,
1,0,0.9138107862774745,0.08618921372252554,
1,0,0.9999807118785761,1.9288121423933126E-5,
1,0,0.9983279163640857,0.001672083635914318,
1,0,0.9995138333142484,4.8616668575159847E-4,
1,0,0.9594755820078106,0.04052441799218935,
1,0,0.9990079776087045,9.920223912955294E-4,
1,1,0.31502133857026626,0.6849786614297337,
1,0,0.9999942393237302,5.760676269741751E-6,
1,0,0.9999879804292436,1.2019570756415371E-5,
1,0,0.9998678006114786,1.321993885215262E-4,
1,0,0.9999957158057127,4.284194287362481E-6,
1,0,0.9999982359155537,1.7640844463730846E-6,
1,0,0.9999945524711864,5.447528813550976E-6,
1,0,0.9999978672793646,2.1327206354577306E-6,
1,0,0.9999462213842547,5.3778615745394064E-5,
1,0,0.9999990449618874,9.550381125888399E-7,
1,0,0.9999759171024983,2.4082897501709556E-5,
1,0,0.9999899601033746,1.0039896625399549E-5,
1,0,0.9994429471951075,5.570528048924657E-4,
1,0,0.9930026638286413,0.006997336171358632,
1,0,0.9971068354323354,0.0028931645676647387,
1,0,0.9999991504213442,8.495786557313967E-7,
1,0,0.9999997996016684,2.003983315849562E-7,
1,0,0.9999998240723952,1.759276048686836E-7,
1,0,0.9999998828805532,1.1711944676728491E-7,
1,0,0.999999994220103,5.779896970851747E-9,
1,0,0.9999990018572444,9.981427555993806E-7,
1,0,0.9999999728778387,2.7122161212678516E-8,
1,0,0.9999999894574662,1.0542533940658866E-8,
1,0,0.9999993160535712,6.839464288277401E-7,
1,0,0.9999999915297955,8.470204459246154E-9,
1,0,0.9999999903775177,9.62248220931072E-9,
1,0,0.9999999061317121,9.38682879297555E-8,
1,0,0.9999939103313332,6.089668666782836E-6,
1,0,0.9999999956910313,4.308968704537652E-9,
1,0,0.9999999579655722,4.203442781768079E-8,
1,0,0.9999999596461826,4.03538173786033E-8,
1,0,0.9999989823878627,1.0176121373698915E-6,
1,0,0.9999999432710549,5.672894496350818E-8,
1,0,0.999999973766961,2.6233038933414485E-8,
1,0,0.999999677576981,3.2242301889954183E-7,
1,0,0.9999999782281597,2.1771840292484325E-8,
1,0,0.999999968755678,3.124432195068573E-8,
1,0,0.999999990250522,9.749478050384686E-9,
1,0,0.9999993759963958,6.240036041965804E-7,
1,0,0.9999999907006608,9.29933915304784E-9,
1,0,0.9999983940782257,1.6059217742984105E-6,
1,0,0.9999999958357354,4.16426453222666E-9,
1,0,0.9999992808640622,7.191359377492563E-7,
1,0,0.999999959377176,4.0622823955773646E-8,
1,0,0.999985637788475,1.4362211525015245E-5,
1,0,0.9999984189889843,1.5810110157032741E-6,
1,0,0.9999997375097854,2.624902145303597E-7,
1,0,0.9999921253535076,7.874646492399031E-6,
1,0,0.9999993801451722,6.198548278457275E-7,
1,0,0.9999999403524529,5.964754700258246E-8,
1,0,0.9999998043110112,1.9568898879259113E-7,
1,0,0.999999964402168,3.5597831928284994E-8,
1,0,0.9999987942025761,1.2057974238812485E-6,
1,0,0.9999994424054541,5.575945458883471E-7,
1,0,0.9999998930628086,1.0693719141550406E-7,
1,0,0.9999997155768261,2.844231739087068E-7,
1,0,0.99999975030786,2.496921400121502E-7,
1,0,0.9999999504923844,4.9507615441093005E-8,
1,0,0.9999995524454971,4.475545028764752E-7,
1,0,0.9999997930383304,2.069616696207765E-7,
1,0,0.9999994495396373,5.504603627560736E-7,
1,0,0.9999974562966067,2.5437033932867548E-6,
1,0,0.9999998260330468,1.739669531689229E-7,
1,0,0.9999996282492629,3.717507371144394E-7,
1,0,0.9999990112469135,9.887530865671856E-7,
1,0,0.9999994673677082,5.32632291812972E-7,
1,0,0.9999999917966543,8.20334561900087E-9,
1,0,0.9999985833473095,1.4166526904564633E-6,
1,0,0.9999999788539642,2.114603578639431E-8,
1,0,0.9999993656193155,6.343806845673663E-7,
1,0,0.9999995776767026,4.223232974609494E-7,
1,0,0.9999873304562449,1.2669543755167105E-5,
1,0,0.9999999673162621,3.26837378638463E-8,
1,0,0.9999999853641501,1.4635849911967475E-8,
1,0,0.9999994481395255,5.518604745711099E-7,
1,0,0.9999968232730426,3.176726957417963E-6,
1,0,0.999999802718599,1.9728140096581857E-7,
1,0,0.999999971168274,2.8831726012381737E-8,
1,0,0.9999998845326238,1.1546737622741721E-7,
1,0,0.9999999721365035,2.7863496434466577E-8,
1,0,0.999999987522665,1.2477335133786132E-8,
1,0,0.9999985652805439,1.4347194561327822E-6,
1,0,0.9999994494446484,5.505553516918028E-7,
1,0,0.9999992842932447,7.157067553435457E-7,
1,0,0.9999975419016524,2.458098347668239E-6,
1,0,0.9999992908163513,7.091836486763089E-7,
1,0,0.999992017006734,7.98299326595566E-6,
1,0,0.9999896915500591,1.030844994089408E-5,
1,0,0.9999970259021648,2.974097835212835E-6,
1,0,0.9999995962918561,4.037081439166119E-7,
1,0,0.9999995999713408,4.000286591560202E-7,
1,0,0.9999907081147611,9.291885238945779E-6,
1,0,0.9999989362218854,1.0637781146199912E-6,
1,0,0.9999996930906784,3.069093215937261E-7,
1,0,0.9999971257782976,2.8742217024405716E-6,
1,0,0.9999988589871965,1.1410128034144692E-6,
1,0,0.9999993563896903,6.436103096921314E-7,
1,0,0.9999995062103422,4.937896578092928E-7,
1,0,0.9999999642937146,3.5706285327704154E-8,
1,0,0.9999996072310017,3.9276899836152643E-7,
1,0,0.9999947369210549,5.263078945083807E-6,
1,0,0.9999105351916993,8.946480830084243E-5,
1,0,0.9999998382715515,1.6172844845587598E-7,
1,0,0.9999978328431368,2.1671568632213662E-6,
1,0,0.9999631596107477,3.684038925232464E-5,
1,0,0.9999995185783859,4.814216141830579E-7,
1,0,0.9999281020418105,7.18979581895709E-5,
1,0,0.9997932158278932,2.0678417210693095E-4,
1,0,0.9937951522439616,0.006204847756038374,
1,0,0.9999678026580098,3.219734199025509E-5,
1,0,0.9999073910186324,9.260898136760891E-5,
1,0,0.9972119026707552,0.002788097329244803,
1,0,0.9843579035937751,0.015642096406224867,
1,0,0.9936875306806693,0.006312469319330688,
1,0,0.9973910603676963,0.002608939632303756,
1,0,0.8433699671315932,0.15663003286840685,
1,0,0.9976323485633968,0.0023676514366032997,
1,0,0.9990237250091135,9.762749908864716E-4,
1,0,0.9669281410964616,0.033071858903538386,
1,0,0.9986337485476086,0.0013662514523913676,
1,0,0.7567550662832697,0.2432449337167302,
1,1,0.11435146199688481,0.8856485380031152,
1,0,0.999980910548459,1.908945154102893E-5,
1,0,0.8741734473674005,0.1258265526325995,
1,1,0.22380305869709888,0.7761969413029011,
1,0,0.9990180964436708,9.819035563292649E-4,
1,0,0.9999993686443447,6.313556552907769E-7,
1,0,0.9999993743986576,6.256013423715512E-7,
1,0,0.9936714395103955,0.006328560489604522,
1,0,0.9990197659403934,9.802340596065484E-4,
1,1,1.8431352636035104E-6,0.9999981568647365,
1,0,0.9999990461329678,9.53867032235994E-7,
1,0,0.999987218332949,1.2781667051028192E-5,
1,0,0.9997827560879622,2.1724391203783883E-4,
1,0,0.9999998785986404,1.2140135971069423E-7,
1,0,0.9999996072310017,3.9276899836152627E-7,
1,0,0.9999947369210549,5.263078945083807E-6,
1,0,0.9999105351916993,8.946480830084243E-5,
1,0,0.9999305163577139,6.948364228614526E-5,
1,0,0.999998289942536,1.7100574640139587E-6,
1,0,0.9999954517350707,4.548264929336716E-6,
1,0,0.9999688838783874,3.111612161262591E-5,
1,0,0.999910500743395,8.949925660494625E-5,
1,0,0.9973052804979976,0.0026947195020023264,
1,0,0.9973219730630324,0.002678026936967615,
1,0,0.9848752529329181,0.015124747067081818,
1,0,0.9936875306806693,0.006312469319330688,
1,1,0.0044336793686383475,0.9955663206313616,
1,0,0.8778829580990894,0.12211704190091054,
1,1,0.2297929132017348,0.7702070867982652,
1,1,0.19330692657665582,0.8066930734233441,
1,0,0.9999968440413556,3.155958644465057E-6,
1,0,0.9992887467492457,7.112532507542485E-4,
1,0,0.9950824446311523,0.004917555368847682,
1,1,0.010303879447204756,0.9896961205527953,
1,0,0.9999341791258748,6.582087412530646E-5,
1,0,0.999915006848715,8.499315128495957E-5,
1,0,0.9999999311785628,6.882143715636457E-8,
1,0,0.9999999334897303,6.651026964438217E-8,
1,0,0.999998956117299,1.0438827009850377E-6,
1,0,0.9941407604634459,0.005859239536554065,
1,0,0.9999969424807121,3.0575192878657847E-6,
1,1,0.13303447183082304,0.8669655281691769,
1,0,0.9999419361356114,5.8063864388653194E-5,
1,0,0.9996750371402007,3.249628597992906E-4,
1,0,0.9867322976192213,0.013267702380778684,
1,0,0.9999994570436389,5.429563611227572E-7,
1,0,0.9999998588779733,1.4112202667879664E-7,
1,0,0.9999908447910458,9.155208954182031E-6,
1,0,0.9999988063059088,1.193694091246839E-6,
1,0,0.999996825111589,3.1748884109337234E-6,
1,0,0.9999999368052412,6.319475862966076E-8,
1,0,0.9999990605705651,9.394294348689014E-7,
1,0,0.9999967518682068,3.2481317932348347E-6,
1,0,0.9997893211603837,2.106788396164139E-4,
1,0,0.9999999602904538,3.970954617746382E-8,
1,0,0.9999999487228909,5.127710903600858E-8,
1,0,0.9999999822179776,1.77820224419119E-8,
1,0,0.999999952704761,4.729523884897263E-8,
1,0,0.9999969317306489,3.06826935113638E-6,
1,0,0.999907960109158,9.203989084198302E-5,
1,0,0.9999998989345843,1.0106541567748691E-7,
1,0,0.9999981678268435,1.8321731565031495E-6,
1,0,0.9999998694937932,1.305062068369831E-7,
1,0,0.9999989114280036,1.0885719963829706E-6,
1,0,0.999929383801858,7.061619814198675E-5,
1,0,0.9999578313998049,4.21686001951953E-5,
1,0,0.9999550391204417,4.496087955837505E-5,
1,0,0.9999935910746204,6.408925379599029E-6,
1,0,0.99999916437974,8.356202599530475E-7,
1,0,0.9999965022618917,3.4977381082207687E-6,
1,0,0.9999798659194439,2.013408055619584E-5,
1,0,0.9999905826032677,9.417396732308462E-6,
1,0,0.999974952732131,2.5047267869028753E-5,
1,0,0.9999274455113308,7.255448866919773E-5,
1,0,0.9998070484494477,1.9295155055237945E-4,
1,0,0.9999971300589727,2.8699410272402665E-6,
1,0,0.9999971346826426,2.8653173573487197E-6,
1,0,0.9905208547076384,0.009479145292361662,
1,0,0.999998383761188,1.6162388120601676E-6,
1,0,0.99999988487488,1.1512511994480268E-7,
1,0,0.9999996867174544,3.132825455183915E-7,
1,0,0.999998196619829,1.8033801709590253E-6,
1,0,0.999992451437091,7.548562908966648E-6,
1,0,0.9999995954569237,4.045430762070922E-7,
1,0,0.9999976712885678,2.3287114321949787E-6,
1,0,0.9999878638500921,1.2136149907945675E-5,
1,0,0.9999998597113633,1.402886366852858E-7,
1,0,0.9999966197228491,3.380277150892151E-6,
1,0,0.9999805420507837,1.945794921629094E-5,
1,0,0.9999355676684347,6.443233156537826E-5,
1,0,0.9992743249490313,7.256750509686289E-4,
1,0,0.9999989571965616,1.042803438334691E-6,
1,0,0.9999167998117282,8.32001882718065E-5,
1,0,0.9999628010856684,3.719891433170023E-5,
1,0,0.9980885202943404,0.0019114797056597132,
1,0,0.9999998482812946,1.51718705330128E-7,
1,0,0.9999901573443772,9.842655622798466E-6,
1,0,0.9999998040849848,1.9591501518061682E-7,
1,0,0.999999853376325,1.4662367492803414E-7,
1,0,0.9999990393243288,9.606756712335244E-7,
1,0,0.9999997011235023,2.98876497622301E-7,
1,0,0.9999998271749647,1.728250352391428E-7,
1,0,0.9999355982573572,6.440174264285694E-5,
1,0,0.9996293906735799,3.7060932642007287E-4,
1,0,0.9964589807643316,0.003541019235668361,
1,0,0.9999223530795539,7.764692044612127E-5,
1,0,0.9994020580291038,5.979419708961519E-4,
1,0,0.9999984543593539,1.5456406461049185E-6,
1,0,0.9999911027237421,8.897276257847972E-6,
1,0,0.9999997111603968,2.888396032131429E-7,
1,0,0.9999998329787896,1.6702121039823518E-7,
1,0,0.9999980469679611,1.9530320389130322E-6,
1,0,0.9999967121621066,3.287837893401772E-6,
1,0,0.9999559447683245,4.405523167547844E-5,
1,0,0.9999914516664459,8.548333553988639E-6,
1,0,0.9998854644710666,1.1453552893342442E-4,
1,0,0.9999547393314718,4.5260668528136804E-5,
1,0,0.9993938472342276,6.061527657723609E-4,
1,0,0.9998823307830869,1.1766921691327936E-4,
1,0,0.9984255298001379,0.0015744701998621023,
1,0,0.9999986461817786,1.3538182214800534E-6,
1,0,0.9999818591403691,1.8140859630946327E-5,
1,0,0.9999964800802488,3.5199197513177446E-6,
1,0,0.9999528351339374,4.7164866062516866E-5,
1,0,0.999981362757939,1.863724206101821E-5,
1,0,0.9997503186581903,2.4968134180973673E-4,
1,0,0.9999515446155609,4.8455384439081036E-5,
1,0,0.9993510877453466,6.489122546533816E-4,
1,0,0.9963647803723844,0.0036352196276155943,
1,0,0.7594110519974752,0.24058894800252492,
1,0,0.9903893112300495,0.009610688769950568,
1,0,0.5427036218736332,0.45729637812636686,
1,0,0.9983688663884224,0.0016311336115776812,
1,0,0.8757578346478042,0.12424216535219587,
1,0,0.9956733509144634,0.004326649085536528,
1,0,0.7260424488788446,0.27395755112115544,
1,0,0.9999828841891815,1.7115810818599017E-5,
1,0,0.9997706968014368,2.2930319856315977E-4,
1,0,0.9999555001105143,4.4499889485653646E-5,
1,0,0.9997644238139192,2.3557618608080182E-4,
1,0,0.9968524734869324,0.0031475265130676893,
1,0,0.9993877326931451,6.12267306854867E-4,
1,0,0.9992515886045155,7.484113954844678E-4,
1,0,0.9980564576824892,0.0019435423175107659,
1,1,1.7118002906565106E-4,0.9998288199709344,
1,1,6.269598373307974E-6,0.9999937304016268,
1,1,2.4113932934061235E-6,0.9999975886067066,
1,0,0.9897943816029544,0.010205618397045554,
1,0,0.9738917140924392,0.026108285907560796,
1,0,0.9999929522422346,7.047757765357602E-6,
1,0,0.999905568298538,9.443170146200166E-5,
1,0,0.9999816760364387,1.832396356135939E-5,
1,0,0.9993590605900657,6.409394099342277E-4,
1,0,0.9997545146667551,2.454853332448806E-4,
1,0,0.9914791327661322,0.008520867233867815,
1,0,0.9999029845971912,9.701540280890943E-5,
1,0,0.9987015556192579,0.0012984443807420656,
1,0,0.9997477991004918,2.522008995081972E-4,
1,0,0.9912480153032551,0.008751984696744862,
1,0,0.996631043653969,0.00336895634603102,
1,0,0.894204789092568,0.10579521090743199,
1,0,0.9996916948729945,3.083051270055674E-4,
1,0,0.9991988018913609,8.011981086390505E-4,
1,1,0.0010798972300403661,0.9989201027699597,
1,1,0.02867485986681362,0.9713251401331865,
1,1,1.5226031105033865E-5,0.999984773968895,
1,1,4.1562129049574207E-4,0.9995843787095042,
1,0,0.9957723064085733,0.004227693591426838,
1,0,0.9890818504079868,0.010918149592013149,
1,1,0.0017973962175630534,0.9982026037824369,
1,1,6.593431345803024E-5,0.999934065686542,
1,1,2.5360380326482934E-5,0.9999746396196735,
1,1,0.011241892088521626,0.9887581079114784,
1,1,3.2474333983831976E-4,0.9996752566601618,
1,1,0.004353925486651333,0.9956460745133486,
1,1,1.6011110866089257E-4,0.9998398888913391,
1,1,4.575314733062333E-6,0.9999954246852669,
1,1,6.158726382655296E-5,0.9999384127361735,
1,0,0.9926065767773533,0.0073934232226467575,
1,0,0.6072465833591288,0.39275341664087116,
1,0,0.9805739258719354,0.019426074128064606,
1,1,0.0025381197878110266,0.997461880212189,
1,1,9.557938489633845E-4,0.9990442061510365,
1,1,5.424194244648243E-5,0.9999457580575535,
1,0,0.9966756366793641,0.0033243633206358728,
1,0,0.7754171797295127,0.22458282027048732,
1,0,0.9912066345681704,0.008793365431829727,
1,0,0.7898013020195727,0.21019869798042745,
1,0,0.564866107424788,0.43513389257521207,
1,1,0.04147668441000859,0.9585233155899914,
1,1,0.005650264124416717,0.9943497358755833,
1,1,0.0021318981125585845,0.9978681018874415,
1,1,7.121002251412616E-5,0.9999287899774859,
1,1,1.2112114424200286E-4,0.999878878855758,
1,0,0.999893015456258,1.0698454374207596E-4,
1,0,0.9985291883353505,0.0014708116646493655,
1,0,0.9999967121621066,3.2878378934017746E-6,
1,0,0.9999559447683245,4.4055231675478475E-5,
1,0,0.9999547393314718,4.5260668528136804E-5,
1,0,0.9993938472342276,6.061527657723609E-4,
1,0,0.996486429712875,0.00351357028712491,
1,0,0.998423556910812,0.0015764430891880795,
1,0,0.8794270783805886,0.12057292161941144,
1,0,0.9997008952584118,2.9910474158824737E-4,
1,0,0.9958979885442115,0.004102011455788533,
1,1,0.31162860289843736,0.6883713971015626,
1,0,0.9999584340472047,4.156595279519115E-5,
1,0,0.9994433031640111,5.566968359889276E-4,
1,0,0.9994280788780847,5.719211219153185E-4,
1,0,0.9923902241415115,0.007609775858488533,
1,0,0.9999828841891815,1.7115810818599024E-5,
1,0,0.9997706968014368,2.2930319856315985E-4,
1,0,0.9996790049640869,3.209950359130405E-4,
1,0,0.9997644238139192,2.3557618608080168E-4,
1,0,0.9968524734869324,0.0031475265130676867,
1,0,0.9992515886045155,7.484113954844679E-4,
1,1,0.030636955123653397,0.9693630448763465,
1,1,1.2718246112178317E-5,0.999987281753888,
1,1,1.791324730949279E-7,0.9999998208675268,
1,0,0.9897943816029544,0.010205618397045556,
1,0,0.9928530888958499,0.007146911104150221,
1,0,0.9967869170405189,0.0032130829594810497,
1,0,0.7813097871907444,0.21869021280925569,
1,1,0.3859746434196868,0.6140253565803132,
1,1,0.005845457644506196,0.9941545423554937,
1,1,1.9595585809661331E-4,0.9998040441419034,
1,1,1.253294596001111E-4,0.9998746705403998,
1,1,4.178154844362846E-6,0.9999958218451557,
1,1,0.49609550141944486,0.5039044985805551,
1,0,0.6663479957303027,0.3336520042696973,
1,0,0.8290652134605327,0.17093478653946728,
1,0,0.9984448567938295,0.0015551432061703724,
1,0,0.9790076439915265,0.02099235600847356,
1,1,8.102509489181822E-5,0.9999189749051081,
1,1,1.7520026529749158E-4,0.9998247997347025,
1,1,3.911602562010687E-4,0.9996088397437989,
1,1,0.18150014321074548,0.8184998567892545,
1,0,0.9999113120064017,8.86879935982879E-5,
1,0,0.9998854797669194,1.145202330805292E-4,
1,0,0.9999955253273219,4.4746726780577515E-6,
1,0,0.9991991948366794,8.00805163320672E-4,
1,0,0.9996412390427354,3.587609572645375E-4,
1,0,0.9990463633462764,9.536366537236894E-4,
1,0,0.9999762150228929,2.378497710706401E-5,
1,0,0.9999943895091611,5.610490838876386E-6,
1,0,0.999964729608139,3.527039186104768E-5,
1,0,0.999954455657582,4.5544342418066445E-5,
1,0,0.9996532828081013,3.467171918986576E-4,
1,0,0.9730705281641434,0.026929471835856547,
1,0,0.9839906402464101,0.016009359753589813,
1,1,0.4351237463650816,0.5648762536349183,
1,0,0.9999998145415333,1.854584666718593E-7,
1,0,0.999999820769615,1.7923038495212582E-7,
1,0,0.9999958744490589,4.125550941044179E-6,
1,0,0.9999981525650128,1.8474349872234025E-6,
1,0,0.9999976144004525,2.3855995474794175E-6,
1,0,0.9999915775930848,8.422406915254535E-6,
1,0,0.9999962284101316,3.7715898684760208E-6,
1,0,0.999983477899367,1.652210063297249E-5,
1,0,0.9970494653634058,0.002950534636594164,
1,0,0.9999982146056292,1.7853943708076923E-6,
1,0,0.9999976945136855,2.3054863145405712E-6,
1,0,0.9999918604328059,8.139567194192714E-6,
1,0,0.9999951931217979,4.806878202096497E-6,
1,0,0.9899215545804136,0.010078445419586508,
1,0,0.9999920827961812,7.91720381873285E-6,
1,0,0.9954615924117589,0.004538407588241088,
1,0,0.9880193407510571,0.011980659248942883,
1,0,0.9999964546432297,3.5453567702890102E-6,
1,0,0.9998483597453088,1.516402546911197E-4,
1,0,0.9998537026911958,1.4629730880410264E-4,
1,0,0.9999323427443628,6.765725563727949E-5,
1,0,0.9999375962700636,6.24037299364633E-5,
1,0,0.999932089474158,6.791052584205751E-5,
1,0,0.7398848580193369,0.2601151419806631,
1,0,0.999969701800282,3.0298199718072335E-5,
1,0,0.9999965737033103,3.4262966896710833E-6,
1,0,0.9999985756911763,1.424308823637879E-6,
1,0,0.9999993621908768,6.378091232111095E-7,
1,0,0.9999970922326721,2.907767327867023E-6,
1,0,0.9998113936251528,1.8860637484721004E-4,
1,0,0.9994985164150746,5.014835849252974E-4,
1,0,0.9997475718722245,2.5242812777558174E-4,
1,0,0.9999872619859574,1.2738014042601025E-5,
1,0,0.9982363046235619,0.0017636953764380901,
1,0,0.819378965607706,0.1806210343922941,
1,0,0.8669882784073419,0.1330117215926581,
1,1,0.12200024171593783,0.8779997582840623,
1,0,0.9999835514081189,1.6448591881096007E-5,
1,0,0.9999945496517457,5.45034825432731E-6,
1,0,0.9999965367653831,3.4632346168668327E-6,
1,0,0.9997753723450379,2.2462765496220318E-4,
1,0,0.9998869463710205,1.1305362897943958E-4,
1,0,0.9927182296720409,0.007281770327959149,
1,0,0.9996993651611064,3.006348388937263E-4,
1,0,0.9808637884601772,0.019136211539822763,
1,0,0.9999942958491936,5.704150806357514E-6,
1,0,0.9992094434042226,7.905565957774137E-4,
1,0,0.9979000943496248,0.002099905650375226,
1,0,0.9357154359109677,0.06428456408903224,
1,0,0.8455047164047036,0.15449528359529643,
1,0,0.9999926342175024,7.365782497597356E-6,
1,0,0.999998623522377,1.3764776230110956E-6,
1,0,0.9999723729740365,2.762702596351599E-5,
1,0,0.9999993836098267,6.163901733206373E-7,
1,0,0.9999971898813005,2.8101186994705253E-6,
1,0,0.9998177262668384,1.8227373316164082E-4,
1,0,0.9999157033086434,8.42966913565639E-5,
1,0,0.9999939950631543,6.0049368456197745E-6,
1,0,0.9997646416327279,2.3535836727206816E-4,
1,0,0.999891149988864,1.0885001113600588E-4,
1,0,0.9999793762806326,2.0623719367447516E-5,
1,0,0.9999947326848647,5.267315135257794E-6,
1,0,0.9999622499991392,3.775000086086357E-5,
1,0,0.999996653067649,3.346932351079916E-6,
1,0,0.9998996017742235,1.0039822577637208E-4,
1,0,0.993528168548008,0.006471831451992115,
1,0,0.9998907425333087,1.0925746669124167E-4,
1,0,0.9913565722579374,0.008643427742062709,
1,0,0.9993793448020843,6.206551979155891E-4,
1,0,0.9999512537958073,4.874620419276833E-5,
1,0,0.9998703591260749,1.2964087392505473E-4,
1,0,0.9999944874054408,5.5125945591366855E-6,
1,0,0.9992359716627794,7.640283372206059E-4,
1,0,0.9424984454727305,0.05750155452726938,
1,1,0.25893923505484917,0.7410607649451508,
1,0,0.9377398380395334,0.06226016196046652,
1,1,0.15878872725902385,0.8412112727409762,
1,1,0.24304435396249657,0.7569556460375034,
1,0,0.999992881574109,7.118425890942932E-6,
1,0,0.999996731258362,3.2687416380637424E-6,
1,0,0.9999933267829829,6.673217017110765E-6,
1,0,0.9637694323655797,0.036230567634420306,
1,0,0.9999707671073985,2.9232892601559933E-5,
1,0,0.9999968410291896,3.1589708104150893E-6,
1,0,0.9994403114116924,5.596885883075212E-4,
1,0,0.9999947408964459,5.259103554062733E-6,
1,0,0.9999892634320895,1.073656791051947E-5,
1,0,0.7656823135005711,0.23431768649942877,
1,1,0.036267174620603033,0.963732825379397,
1,0,0.9999949175072348,5.08249276517332E-6,
1,0,0.9990998177172051,9.001822827948611E-4,
0,0,0.9999999996625241,3.3747602226097874E-10,
0,0,0.9999999992146182,7.853817629729774E-10,
0,0,0.9999999852662385,1.4733761667860943E-8,
0,0,0.9999999995472506,4.527494870409038E-10,
0,0,0.9999999939331569,6.066843092288284E-9,
0,0,0.9999999825673019,1.7432698087993575E-8,
0,0,0.999999973008855,2.6991144909885534E-8,
0,0,0.9999999868957056,1.3104294489004105E-8,
0,0,0.999999999322437,6.775630252813027E-10,
0,0,0.9999999982383361,1.7616638638215663E-9,
0,0,0.9999996100817128,3.899182871758305E-7,
0,0,0.9999998196909277,1.8030907232662586E-7,
0,0,0.9999998106932836,1.8930671644160356E-7,
0,0,0.9999994964968777,5.035031223367027E-7,
0,0,0.9999997671661232,2.3283387681830363E-7,
0,0,0.9999999973085729,2.6914271070962303E-9,
0,0,0.9999999525317372,4.746826271327711E-8,
0,0,0.9999999737448545,2.625514544647395E-8,
0,0,0.9999999872530358,1.2746964191427692E-8,
0,0,0.9999999660966168,3.390338320853696E-8,
0,0,0.9973488563489361,0.0026511436510638507,
0,0,0.9849412511114195,0.015058748888580515,
0,0,0.9999603234500962,3.967654990382857E-5,
0,0,0.9989715756235342,0.0010284243764658166,
0,0,0.9999304902533148,6.95097466850846E-5,
0,0,0.9999109117873471,8.908821265296919E-5,
0,0,0.9950887047873876,0.0049112952126123014,
0,0,0.9975728949196387,0.0024271050803612846,
0,0,0.9999994355903181,5.644096818832799E-7,
0,0,0.9999985325361523,1.4674638476952416E-6,
0,0,0.9999803363422517,1.9663657748351185E-5,
0,0,0.9829558279599585,0.017044172040041494,
0,0,0.9791187054017239,0.020881294598276128,
0,0,0.9999976176752373,2.3823247627185057E-6,
0,0,0.9999936637029417,6.33629705825092E-6,
0,0,0.9999381922044188,6.180779558119526E-5,
0,0,0.9999954969900856,4.50300991439445E-6,
0,1,0.2791100427216206,0.7208899572783793,
0,0,0.8797121830788338,0.12028781692116622,
0,0,0.9999999562351081,4.37648918193983E-8,
0,0,0.9999999848230858,1.5176914208151564E-8,
0,0,0.9999999804019848,1.9598015216924816E-8,
0,0,0.9999999873734539,1.2626546199255338E-8,
0,0,0.9999999956213304,4.378669672127629E-9,
0,0,0.9999999943458048,5.654195178100563E-9,
0,0,0.9999991743279097,8.256720903055403E-7,
0,0,0.999999963138462,3.6861537945100983E-8,
0,0,0.9999998296607715,1.7033922854002618E-7,
0,0,0.9999995469450966,4.530549033783169E-7,
0,0,0.9999999727979342,2.7202065824183193E-8,
0,0,0.999999992151971,7.84802892268228E-9,
0,0,0.9999999954105057,4.589494332589401E-9,
0,0,0.999999984237332,1.576266799496723E-8,
0,0,0.9999999983544898,1.6455102026618262E-9,
0,0,0.9999999957216734,4.278326515656699E-9,
0,0,0.9999999605510097,3.9448990194367044E-8,
0,0,0.9999998645120274,1.354879726037965E-7,
0,0,0.9999999609105567,3.9089443296888673E-8,
0,0,0.9999968827054266,3.117294573384932E-6,
0,0,0.9999999810601271,1.8939872927329052E-8,
0,0,0.9999999877974797,1.2202520399230649E-8,
0,0,0.9999999957683752,4.231624795700803E-9,
0,0,0.9999999945356844,5.464315490321314E-9,
0,0,0.9999993726563701,6.273436299246347E-7,
0,0,0.9999997098988016,2.9010119837764555E-7,
0,0,0.9999991899085912,8.100914088601549E-7,
0,0,0.9999996253910929,3.7460890711725964E-7,
0,0,0.9999999992477487,7.522511775033065E-10,
0,0,0.9999999956697336,4.3302663780829665E-9,
0,0,0.9999999577578111,4.2242188780632826E-8,
0,0,0.9999999944083081,5.591691794210155E-9,
0,0,0.9999999454524786,5.454752136289609E-8,
0,0,0.9999927550781711,7.244921828870063E-6,
0,0,0.9999999909029038,9.097096171069114E-9,
0,0,0.9999999873732209,1.2626779146945625E-8,
0,0,0.9999999996597935,3.402065568641218E-10,
0,0,0.999999999273011,7.269890111129784E-10,
0,0,0.9999999990612359,9.387640706731696E-10,
0,0,0.99999999585103,4.1489699049241425E-9,
0,0,0.999999944403806,5.559619386571349E-8,
0,0,0.9999999982916006,1.7083993767852926E-9,
0,0,0.9999999771074488,2.2892551163963626E-8,
0,0,0.9999999935263754,6.473624641799301E-9,
0,0,0.995212843011104,0.004787156988895942,
0,0,0.9999999973343898,2.665610156773924E-9,
0,0,0.998023251235948,0.00197674876405193,
0,0,0.9999999962681457,3.731854215504426E-9,
0,0,0.9999994323242049,5.676757951298122E-7,
0,0,0.9999999924615326,7.538467327124115E-9,
0,0,0.999999871846071,1.2815392910376265E-7,
0,0,0.99996200002997,3.7999970029908835E-5,
0,0,0.9999999968959252,3.1040747955216747E-9,
0,0,0.999999947230731,5.2769268903072356E-8,
0,0,0.9999843526037521,1.5647396247955686E-5,
0,0,0.9999999898995289,1.0100471188215438E-8,
0,0,0.9999999835328547,1.6467145364947766E-8,
0,0,0.9971030359435569,0.002896964056443236,
0,0,0.9999999769459966,2.305400335907343E-8,
0,0,0.9999658202172351,3.417978276496373E-5,
0,0,0.999999990507175,9.492825041293541E-9,
0,0,0.999843857032569,1.5614296743104555E-4,
0,0,0.9996622247693495,3.3777523065048646E-4,
0,0,0.9999356999310557,6.430006894429579E-5,
0,0,0.9954551514900324,0.0045448485099677405,
0,0,0.9998608884412388,1.3911155876128665E-4,
0,0,0.9902183313500711,0.009781668649928889,
0,0,0.9995124771045756,4.8752289542435977E-4,
0,0,0.9854893825071802,0.01451061749281979,
0,0,0.9999974783284613,2.5216715387235794E-6,
0,0,0.9997816273880621,2.183726119379928E-4,
0,0,0.9934496272196327,0.0065503727803674075,
0,0,0.9999988707883705,1.1292116295593677E-6,
0,0,0.9997180324335305,2.81967566469512E-4,
0,0,0.9999996951727204,3.0482727961771507E-7,
0,0,0.9999982452916653,1.7547083347022162E-6,
0,0,0.9999470324549081,5.296754509189459E-5,
0,0,0.9999999761899542,2.3810045764105438E-8,
0,0,0.9999989962198368,1.0037801632606398E-6,
0,0,0.9999999925534495,7.446550452931065E-9,
0,0,0.9999999898524974,1.0147502623704923E-8,
0,0,0.9999999002162332,9.978376685552009E-8,
0,0,0.9999999980310815,1.9689184356278016E-9,
0,0,0.999999980638969,1.9361030946944163E-8,
0,0,0.9999997561700653,2.4382993463652356E-7,
0,0,0.9999985910751312,1.4089248687742779E-6,
0,0,0.9999999568442928,4.315570711256537E-8,
0,0,0.9999999581262108,4.187378912775984E-8,
0,0,0.9999999700923725,2.9907627449891534E-8,
0,0,0.9949547286962362,0.005045271303763748,
0,0,0.9976605815991333,0.0023394184008668282,
0,0,0.999964999451238,3.500054876206895E-5,
0,0,0.9269062199204486,0.07309378007955132,
0,0,0.9269062199204486,0.07309378007955132,
0,0,0.9999680098851399,3.199011486014529E-5,
0,0,0.999571502436184,4.28497563816028E-4,
0,0,0.9999168299583544,8.317004164568148E-5,
0,0,0.9996482212709579,3.5177872904212405E-4,
0,0,0.9953066377409647,0.0046933622590352815,
0,0,0.9878882101542703,0.012111789845729626,
0,0,0.9999843020597111,1.5697940288971165E-5,
0,0,0.9997896885381917,2.1031146180827107E-4,
0,0,0.9976914291092961,0.0023085708907038616,
0,0,0.9999993691892209,6.308107790418175E-7,
0,0,0.9999937970619032,6.202938096802658E-6,
0,0,0.9999168870222567,8.311297774342142E-5,
0,0,0.9999983598936298,1.6401063701538817E-6,
0,0,0.9999838725210087,1.612747899128075E-5,
0,0,0.9997839349903572,2.1606500964275555E-4,
0,0,0.9990865164681868,9.134835318131497E-4,
0,0,0.9999780230215928,2.1976978407241718E-5,
0,0,0.9997839349903572,2.1606500964275555E-4,
0,0,0.999705588720695,2.944112793049701E-4,
0,0,0.9971124651717694,0.002887534828230656,
0,0,0.9999978984486371,2.1015513628876434E-6,
0,0,0.999936563309378,6.343669062207595E-5,
0,0,0.9945214115166783,0.005478588483321759,
0,0,0.9999944104766352,5.589523364803689E-6,
0,0,0.9998312937868674,1.687062131326062E-4,
0,0,0.9844013834327497,0.01559861656725025,
0,1,0.44008967453955106,0.5599103254604488,
0,0,0.999945476297435,5.452370256507388E-5,
0,0,0.9983566809241617,0.0016433190758382678,
0,0,0.8749444119471331,0.1250555880528669,
0,0,0.8661178513187298,0.13388214868127032,
0,0,0.9999988434127958,1.1565872042727298E-6,
0,0,0.999996923805216,3.0761947840370602E-6,
0,0,0.9999985774798285,1.4225201715967294E-6,
0,0,0.9999985064944177,1.4935055823271645E-6,
0,0,0.9999960276998602,3.972300139773417E-6,
0,0,0.9999981630942787,1.8369057212645826E-6,
0,1,0.00502911383438801,0.994970886165612,
0,0,0.8923630158269604,0.10763698417303966,
0,0,0.9986809651569839,0.0013190348430160842,
0,0,0.9871788757123565,0.012821124287643457,
0,0,0.9826093747279625,0.017390625272037417,
0,0,0.8517638115383718,0.14823618846162823,
0,0,0.9983100339685509,0.0016899660314490667,
0,0,0.9836264259490597,0.016373574050940195,
0,0,0.9778192653119572,0.02218073468804284,
0,0,0.8176226116642451,0.18237738833575487,
0,0,0.5144806855855124,0.48551931441448765,
0,1,0.4431470611127758,0.5568529388872242,
0,0,0.6174957249176262,0.3825042750823738,
0,0,0.999980084786608,1.9915213391964128E-5,
0,0,0.9970730313783913,0.002926968621608761,
0,0,0.9999721189233544,2.788107664571339E-5,
0,0,0.999725903584895,2.740964151049538E-4,
0,0,0.99962652269352,3.7347730647990747E-4,
0,0,0.9963395491616044,0.003660450838395727,
0,0,0.9611568742980626,0.03884312570193731,
0,0,0.8796628912492633,0.12033710875073667,
0,1,0.19494608466798433,0.8050539153320156,
0,1,0.002780952959559666,0.9972190470404403,
0,0,0.8559787856777084,0.14402121432229165,
0,1,0.16449681537494912,0.8355031846250509,
0,1,2.6111095851683163E-5,0.9999738889041484,
0,0,0.999950012897249,4.9987102750939404E-5,
0,0,0.9984932127361565,0.0015067872638434838,
0,1,0.08078612920005947,0.9192138707999405,
0,0,0.9999999866117936,1.3388206486138435E-8,
0,0,0.9999990771901064,9.228098936428545E-7,
0,0,0.9999987748794049,1.2251205951005803E-6,
0,0,0.9999632476879015,3.675231209859778E-5,
0,0,0.9999869522845087,1.3047715491234008E-5,
0,0,0.9999999816922938,1.8307706168712783E-8,
0,0,0.9999996887690863,3.1123091370133136E-7,
0,0,0.9999999924615326,7.538467327124114E-9,
0,0,0.999999871846071,1.2815392910376263E-7,
0,0,0.9999999975054527,2.4945473826488215E-9,
0,0,0.9999999754702846,2.4529715388863675E-8,
0,0,0.9999998962204432,1.037795568822166E-7,
0,0,0.999997793263206,2.2067367939456936E-6,
0,0,0.9860557711934,0.01394422880659989,
0,0,0.9993916743808459,6.083256191540402E-4,
0,0,0.9997889592490239,2.1104075097619506E-4,
0,0,0.9999989087096152,1.0912903848752096E-6,
0,0,0.9997274989132694,2.7250108673066483E-4,
0,0,0.9999993012737096,6.987262903965421E-7,
0,0,0.9999999870825147,1.2917485408903577E-8,
0,0,0.9999999823971896,1.760281054253947E-8,
0,0,0.9999998269057232,1.7309427675361725E-7,
0,0,0.999999806369118,1.9363088188345686E-7,
0,0,0.9999999819155205,1.808447947902261E-8,
0,0,0.9999999753560654,2.464393458603426E-8,
0,0,0.9999997576680292,2.4233197067655325E-7,
0,0,0.9999997576680292,2.4233197067655325E-7,
0,0,0.9999981671506123,1.832849387760002E-6,
0,0,0.9999986383897079,1.3616102920828257E-6,
0,0,0.9999976332348803,2.36676511966875E-6,
0,0,0.99999998703531,1.296468999912209E-8,
0,0,0.9999972500998482,2.749900151822462E-6,
0,0,0.999999012929924,9.870700760269402E-7,
0,0,0.9999891423363365,1.0857663663547362E-5,
0,0,0.9999986181024392,1.381897560825824E-6,
0,0,0.9999864115065235,1.3588493476617684E-5,
0,0,0.9999814828899855,1.8517110014576424E-5,
0,0,0.9998179448632158,1.8205513678419858E-4,
0,0,0.9999996887730715,3.112269284865267E-7,
0,0,0.9999987025210547,1.2974789453354964E-6,
0,0,0.9999998757544485,1.2424555151260472E-7,
0,0,0.9999999961800864,3.819913556901264E-9,
0,0,0.9999999326288063,6.737119366103083E-8,
0,0,0.9999998208113591,1.791886408814607E-7,
0,0,0.9999999859896475,1.4010352601333853E-8,
0,0,0.9999999627363546,3.726364528843405E-8,
0,0,0.9999999518812933,4.811870665447244E-8,
0,0,0.9999991394930403,8.605069597267049E-7,
0,0,0.9999988888239001,1.1111760998918343E-6,
0,0,0.9999999658370005,3.416299945341176E-8,
0,0,0.9999999558851707,4.411482928994755E-8,
0,0,0.9999999735581214,2.6441878539239078E-8,
0,0,0.9999992067442521,7.932557478971807E-7,
0,0,0.9999999870050167,1.2994983322678005E-8,
0,0,0.9999999845497396,1.5450260466816486E-8,
0,0,0.9999999800490116,1.9950988426051664E-8,
0,0,0.9999999050168273,9.498317264553003E-8,
0,0,0.9999996391317082,3.6086829179752294E-7,
0,0,0.999999874857037,1.2514296304257788E-7,
0,0,0.9999998384023536,1.6159764638572814E-7,
0,0,0.9999965844164536,3.415583546506518E-6,
0,0,0.9999413806696125,5.8619330387539656E-5,
0,0,0.9999996770572867,3.2294271337690584E-7,
0,0,0.9999998461081979,1.5389180205288406E-7,
0,0,0.9999999880284598,1.1971540229685079E-8,
0,0,0.9999999110122251,8.898777487722036E-8,
0,0,0.9999994712951934,5.287048065662146E-7,
0,0,0.9999988034608073,1.1965391927498056E-6,
0,0,0.9999803517376786,1.964826232133445E-5,
0,0,0.9999998938423377,1.0615766235874637E-7,
0,0,0.9999998896060274,1.1039397259790243E-7,
0,0,0.9999961825846291,3.817415370954211E-6,
0,0,0.9999344847296211,6.551527037886438E-5,
0,0,0.9999999500112012,4.998879874482005E-8,
0,0,0.99999963906404,3.609359600610549E-7,
0,0,0.999942917942175,5.708205782496048E-5,
0,0,0.9999997056093366,2.943906634348279E-7,
0,0,0.999974437723313,2.556227668705251E-5,
0,0,0.9999979610943308,2.0389056691673794E-6,
0,0,0.9999999807388588,1.92611413182457E-8,
0,0,0.9999998891249787,1.1087502127682487E-7,
0,0,0.9999994610978569,5.389021430782715E-7,
0,0,0.9999997507966246,2.492033753515108E-7,
0,0,0.9999985666712765,1.4333287235393118E-6,
0,0,0.9999993371885189,6.628114811308163E-7,
0,0,0.9999999923382732,7.661726763141767E-9,
0,0,0.9999996405954892,3.5940451083484325E-7,
0,0,0.9999999252590785,7.474092136974014E-8,
0,0,0.9999986818080903,1.3181919097769131E-6,
0,0,0.9999999962802051,3.7197948858863255E-9,
0,0,0.9999999982812864,1.7187136946816775E-9,
0,0,0.999999990106379,9.893621059018937E-9,
0,0,0.999999999398058,6.019421121334219E-10,
0,0,0.9999999983390043,1.6609956975680865E-9,
0,0,0.9999999871017955,1.2898204593579869E-8,
0,0,0.9999999982140109,1.7859891933832345E-9,
0,0,0.9999976939038189,2.306096181122907E-6,
0,0,0.9999989335958197,1.066404180336873E-6,
0,0,0.9999996301890649,3.69810935086244E-7,
0,0,0.9999998797485231,1.2025147692909743E-7,
0,0,0.9999963924682727,3.607531727353393E-6,
0,0,0.9999999972347428,2.7652571791433907E-9,
0,0,0.9999999840820455,1.5917954578269068E-8,
0,0,0.9999998447187505,1.5528124955158418E-7,
0,0,0.9995210772271729,4.7892277282702715E-4,
0,0,0.9999793760459105,2.062395408955273E-5,
0,0,0.9999999741031573,2.5896842679661893E-8,
0,0,0.9999999721639246,2.7836075407472216E-8,
0,0,0.9999999970754498,2.9245500864289823E-9,
0,0,0.999999999445937,5.540631395873823E-10,
0,0,0.999999964055155,3.5944844908615225E-8,
0,0,0.9999998209660242,1.7903397573582644E-7,
0,0,0.9999999763773945,2.362260555905222E-8,
0,0,0.9999999371704335,6.282956648884488E-8,
0,0,0.9999999987494089,1.2505910963407332E-9,
0,0,0.9999999973276059,2.6723940651665916E-9,
0,0,0.99999997521088,2.478911995589381E-8,
0,0,0.9999999340678294,6.593217050337227E-8,
0,0,0.9999988371662418,1.1628337582091193E-6,
0,0,0.9999957484264919,4.251573508183619E-6,
0,0,0.9999980339499536,1.9660500463796223E-6,
0,0,0.9999886920752544,1.1307924745536185E-5,
0,0,0.9999947708700648,5.229129935198959E-6,
0,0,0.9999999395539353,6.04460645974746E-8,
0,0,0.9999971645379292,2.8354620708247755E-6,
0,0,0.9999999897219299,1.0278070068035202E-8,
0,0,0.9999999726631891,2.7336810895178704E-8,
0,0,0.999997626259157,2.373740842963045E-6,
0,0,0.9999999549612631,4.503873684059593E-8,
0,0,0.9999998896182827,1.1038171732155647E-7,
0,0,0.9999999505708212,4.942917862660799E-8,
0,0,0.9999992351421542,7.648578458393879E-7,
0,0,0.9999996463083651,3.5369163483159814E-7,
0,0,0.9999999959115254,4.088474496349631E-9,
0,0,0.9999999981109396,1.8890603713898693E-9,
0,0,0.9999999891257937,1.0874206399140477E-8,
0,0,0.9999998082134142,1.9178658583077775E-7,
0,0,0.9999994899011181,5.100988818874201E-7,
0,0,0.9999998939210171,1.0607898293728623E-7,
0,0,0.9999999975606482,2.4393518695393457E-9,
0,0,0.9999999859580901,1.4041909957887746E-8,
0,0,0.9999999484982837,5.1501716311355E-8,
0,0,0.9999998630197523,1.3698024764702356E-7,
0,0,0.9999947027238156,5.297276184379242E-6,
0,0,0.9999975503855402,2.4496144597964327E-6,
0,0,0.9999859108406871,1.4089159312854699E-5,
0,0,0.9999934847324744,6.515267525607483E-6,
0,0,0.999993159614787,6.840385212992114E-6,
0,0,0.9999968368044547,3.1631955452291333E-6,
0,0,0.9999818066819918,1.8193318008280882E-5,
0,0,0.9999915868226845,8.413177315481124E-6,
0,0,0.9999999027476719,9.725232807485757E-8,
0,0,0.9999998744176495,1.2558235052152135E-7,
0,0,0.9999999907676841,9.232315819769323E-9,
0,0,0.9999999028002992,9.719970087228281E-8,
0,0,0.9999970840171933,2.9159828066214454E-6,
0,0,0.9999999880782705,1.1921729526509233E-8,
0,0,0.9999999814685068,1.8531493352971855E-8,
0,0,0.999999893325131,1.0667486900096163E-7,
0,0,0.9999967997638302,3.2002361698703976E-6,
0,0,0.9999999917015564,8.298443536936003E-9,
0,0,0.9999999522307563,4.7769243602769454E-8,
0,0,0.9999999791614872,2.0838512819037432E-8,
0,0,0.9999999445753462,5.5424653705931506E-8,
0,0,0.9999951873154652,4.812684534830474E-6,
0,0,0.9999999993136043,6.863956558209886E-10,
0,0,0.9999999981743783,1.8256217769440838E-9,
0,0,0.9999999976425668,2.3574333368001715E-9,
0,0,0.9999994689438836,5.31056116465542E-7,
0,0,0.9999989271957755,1.0728042244267729E-6,
0,0,0.9999971466438448,2.853356155238457E-6,
0,0,0.9999999991682441,8.317558076667582E-10,
0,0,0.9999999991961762,8.038237096705506E-10,
0,0,0.9999995924262169,4.0757378305600603E-7,
0,0,0.999996678683575,3.321316425045159E-6,
0,0,0.9999808814420924,1.9118557907663426E-5,
0,0,0.9999571856944439,4.2814305556029155E-5,
0,0,0.9999521489583443,4.785104165566569E-5,
0,0,0.9969692674152878,0.0030307325847122356,
0,0,0.9966139179711028,0.003386082028897265,
0,0,0.9999998988840946,1.0111590550362036E-7,
0,0,0.9999999737498424,2.6250157567355258E-8,
0,0,0.9999999583640364,4.163596356623082E-8,
0,0,0.9999999455393135,5.446068643304613E-8,
0,0,0.9999998671200804,1.328799196638116E-7,
0,0,0.9999997160483098,2.8395169019402453E-7,
0,0,0.999999982066214,1.7933786018005755E-8,
0,0,0.9999999429379558,5.7062044188188896E-8,
0,0,0.9999999094926137,9.050738624450109E-8,
0,0,0.9999999627322507,3.726774926126901E-8,
0,0,0.9999999478251518,5.2174848188000955E-8,
0,0,0.9999995791675772,4.2083242280145875E-7,
0,0,0.9999852710759479,1.4728924052152059E-5,
0,0,0.9999998267160183,1.7328398169678764E-7,
0,0,0.9999999429379558,5.7062044188188876E-8,
0,0,0.9999980028323282,1.9971676718626334E-6,
0,0,0.99999987871657,1.2128342994084974E-7,
0,0,0.9999988168690214,1.183130978626972E-6,
0,0,0.9999999456890099,5.431099012184111E-8,
0,0,0.9999994701910013,5.298089986530706E-7,
0,0,0.9999999911187843,8.881215691621899E-9,
0,0,0.9999999811525334,1.8847466596644085E-8,
0,0,0.9999999928927676,7.107232299135078E-9,
0,0,0.999999491373688,5.086263119096107E-7,
0,0,0.999998286020149,1.7139798511245292E-6,
0,0,0.9999770331581174,2.2966841882736223E-5,
0,0,0.9979031687526647,0.0020968312473352243,
0,1,0.08626388529794374,0.9137361147020563,
0,0,0.9995736672465464,4.2633275345355754E-4,
0,1,0.31745426555441586,0.6825457344455842,
0,0,0.999715167635692,2.8483236430796926E-4,
0,1,0.41046706807092087,0.589532931929079,
0,0,0.999942170857543,5.782914245699442E-5,
0,0,0.7742733337503221,0.2257266662496779,
0,0,0.9999999454843101,5.451568979906413E-8,
0,0,0.9999997521874013,2.478125986981534E-7,
0,0,0.9814551177908856,0.01854488220911438,
0,0,0.9913379783780251,0.00866202162197501,
0,0,0.9611896217879917,0.03881037821200821,
0,0,0.9999902545622034,9.745437796696433E-6,
0,0,0.9975815446417582,0.002418455358241839,
0,0,0.999995050770516,4.949229484009641E-6,
0,0,0.9999997284684358,2.715315642057788E-7,
0,0,0.9999999931314434,6.868556589236316E-9,
0,0,0.6515075148755205,0.34849248512447945,
0,0,0.9996792689816806,3.207310183194564E-4,
0,0,0.9688831061378628,0.031116893862137205,
0,0,0.9999998258267673,1.7417323276070478E-7,
0,0,0.9999999809084119,1.90915881277126E-8,
0,0,0.9999999973823326,2.617667413789792E-9,
0,0,0.9999999885650966,1.1434903402092213E-8,
0,0,0.9999999890222843,1.0977715815876185E-8,
0,0,0.9999999122891159,8.771088414136961E-8,
0,0,0.9999999940772624,5.922737619693967E-9,
0,0,0.9999996012916712,3.987083288311454E-7,
0,0,0.9999920371547778,7.962845222175677E-6,
0,0,0.9999999974702393,2.5297606725043084E-9,
0,0,0.9999995631299813,4.368700186936939E-7,
0,0,0.999999993478952,6.5210479571570716E-9,
0,0,0.9999999889491046,1.1050895456265582E-8,
0,0,0.9999998697632375,1.3023676248889687E-7,
0,0,0.999999886988107,1.1301189304201094E-7,
0,0,0.9999984856427554,1.5143572446222473E-6,
0,0,0.9999996068654315,3.9313456850903697E-7,
0,0,0.9999993764405791,6.235594208984117E-7,
0,0,0.9999999650602862,3.493971379624527E-8,
0,0,0.99999806035044,1.9396495599833484E-6,
0,0,0.9999740093210151,2.5990678984944563E-5,
0,0,0.9996932593910272,3.0674060897279033E-4,
0,0,0.9999992013198582,7.986801418517233E-7,
0,0,0.99998929779209,1.0702207910065536E-5,
0,0,0.9999992063819774,7.93618022694324E-7,
0,0,0.9999722241186827,2.7775881317341006E-5,
0,0,0.9999997946631556,2.0533684433217307E-7,
0,0,0.9999991312677734,8.687322266303607E-7,
0,0,0.9999977412993504,2.2587006497092666E-6,
0,0,0.9999996732159557,3.267840442516081E-7,
0,0,0.9999885626855273,1.1437314472722406E-5,
0,0,0.9999982685347351,1.731465264993089E-6,
0,0,0.9999999832465594,1.675344070219003E-8,
0,0,0.9999675187104552,3.2481289544881306E-5,
0,0,0.9999997444903648,2.555096351050148E-7,
0,0,0.9999996422865474,3.5771345258732727E-7,
0,0,0.9999990699455555,9.300544444182739E-7,
0,0,0.9999997369962288,2.63003771131515E-7,
0,0,0.9999981023297381,1.8976702619465945E-6,
0,0,0.999990038408387,9.961591613062384E-6,
0,0,0.9999583970220467,4.1602977953300656E-5,
0,0,0.9997662944992128,2.3370550078718295E-4,
0,0,0.9995250106581438,4.749893418561457E-4,
0,0,0.9999992984729676,7.015270323213355E-7,
0,0,0.9999931016935963,6.898306403582096E-6,
0,0,0.9999988035781261,1.1964218739279379E-6,
0,0,0.9999683047155632,3.169528443687933E-5,
0,0,0.9999997111358087,2.8886419133586695E-7,
0,0,0.9999971595093665,2.8404906335777616E-6,
0,0,0.9999355682108488,6.443178915116043E-5,
0,0,0.9999865086649257,1.3491335074336867E-5,
0,0,0.9999828841891815,1.711581081859903E-5,
0,0,0.9999285202057264,7.147979427353992E-5,
0,0,0.999401295030263,5.987049697370278E-4,
0,0,0.959201774187211,0.040798225812789045,
0,0,0.9999881876172108,1.1812382789275397E-5,
0,0,0.9999954775119063,4.522488093647931E-6,
0,0,0.9991620137249871,8.379862750128703E-4,
0,0,0.9999994949702035,5.050297965512056E-7,
0,0,0.999996525740799,3.4742592010430636E-6,
0,0,0.9999986698521968,1.3301478032453468E-6,
0,0,0.9999944447002937,5.555299706144458E-6,
0,0,0.9999996386759183,3.6132408168730846E-7,
0,0,0.9999951582789983,4.841721001673037E-6,
0,0,0.9999845946868235,1.540531317646146E-5,
0,0,0.9999981377940663,1.8622059337398328E-6,
0,0,0.9999951582789983,4.841721001673037E-6,
0,0,0.999830567656642,1.6943234335795954E-4,
0,0,0.9999956563539608,4.343646039290622E-6,
0,0,0.9995888935558908,4.1110644410920265E-4,
0,0,0.9982852652439815,0.0017147347560184688,
0,1,0.49455503010569757,0.5054449698943024,
0,0,0.9999400913144447,5.990868555528019E-5,
0,0,0.9997465892244408,2.534107755591307E-4,
0,0,0.9993413990180832,6.586009819167616E-4,
0,0,0.9999905117207127,9.488279287231213E-6,
0,0,0.9999753308483618,2.4669151638320316E-5,
0,0,0.9998956388299198,1.0436117008025871E-4,
0,0,0.9997287062578432,2.7129374215688546E-4,
0,0,0.9904412965934652,0.00955870340653468,
0,0,0.7475051694622638,0.25249483053773636,
0,0,0.9807579282683043,0.019242071731695752,
0,0,0.5928786614117186,0.40712133858828137,
0,0,0.9999999849537031,1.504629692006065E-8,
0,0,0.9999998344907587,1.6550924121765526E-7,
0,0,0.9999997983796588,2.016203411116827E-7,
0,0,0.9999977821807193,2.2178192806537106E-6,
0,0,0.9999997177315451,2.822684547919308E-7,
0,0,0.9999774491622336,2.255083776641831E-5,
0,0,0.9999979509808458,2.049019154276773E-6,
0,0,0.9999971313755353,2.8686244648408926E-6,
0,0,0.9999964304471725,3.5695528275433985E-6,
0,0,0.999999842593819,1.57406180947858E-7,
0,0,0.9997177161655765,2.8228383442347946E-4,
0,0,0.9962305907555837,0.0037694092444163145,
0,0,0.9245535944402208,0.07544640555977919,
0,1,0.0048974663535412905,0.9951025336464586,
0,1,0.03502527796508825,0.9649747220349119,
0,1,0.005464763035314956,0.994535236964685,
0,1,0.013168761427663779,0.9868312385723361,
0,0,0.9999319056689077,6.809433109230681E-5,
0,0,0.9999999619957279,3.80042720568432E-8,
0,0,0.9999722241186827,2.7775881317341E-5,
0,0,0.9990287613721942,9.712386278058054E-4,
0,0,0.99999899317138,1.006828620094708E-6,
0,0,0.999995795023329,4.20497667102458E-6,
0,0,0.9999865086649257,1.3491335074336863E-5,
0,0,0.9990430189763375,9.569810236624161E-4,
0,0,0.967561138904727,0.03243886109527307,
0,1,0.46010335687645976,0.5398966431235401,
0,0,0.9999999593130735,4.0686926445824326E-8,
0,0,0.9999996668310321,3.3316896781936003E-7,
0,0,0.9999811122328245,1.8887767175593293E-5,
0,0,0.9999508932893693,4.910671063075513E-5,
0,0,0.9999991312677734,8.687322266303611E-7,
0,0,0.5990523402084211,0.40094765979157887,
0,1,0.014514898937889221,0.9854851010621108,
0,0,0.9656063829112618,0.0343936170887382,
0,0,0.7693991773531015,0.23060082264689838,
0,0,0.9999994636725991,5.36327400960156E-7,
0,0,0.9613666102563747,0.038633389743625304,
0,1,0.19698630661881245,0.8030136933811876,
0,0,0.9978659686126645,0.002134031387335589,
0,0,0.9823227699922449,0.01767723000775512,
0,0,0.9999584340472047,4.156595279519113E-5,
0,0,0.9970573792500047,0.002942620749995378,
0,0,0.9063753374872837,0.09362466251271633,
0,0,0.9970573792500047,0.002942620749995379,
0,0,0.826758756252729,0.17324124374727107,
0,1,0.11999049110121832,0.8800095088987817,
0,1,0.21666833769504124,0.7833316623049589,
0,0,0.9999991803562657,8.196437342908769E-7,
0,0,0.9999978689290856,2.1310709144060053E-6,
0,0,0.9999862450658038,1.3754934196219516E-5,
0,0,0.9999418086335985,5.819136640143201E-5,
0,0,0.999848716532783,1.5128346721704922E-4,
0,0,0.9999998099786686,1.900213313977265E-7,
0,0,0.9995280197722738,4.719802277261658E-4,
0,0,0.9999882416160399,1.1758383960042283E-5,
0,0,0.991289308776884,0.008710691223115912,
0,0,0.9999995699066352,4.3009336476665543E-7,
0,0,0.9985472447474807,0.0014527552525192174,
0,0,0.9992833251358816,7.166748641184184E-4,
0,0,0.9998148691571228,1.8513084287718914E-4,
0,0,0.9981825188793783,0.0018174811206216875,
0,0,0.5626831114229006,0.4373168885770994,
0,0,0.7356194701609267,0.26438052983907334,
0,0,0.9812326457397434,0.018767354260256493,
0,0,0.6339645303561428,0.36603546964385725,
0,0,0.9999967085932305,3.2914067694634188E-6,
0,0,0.9999558969492865,4.410305071342187E-5,
0,0,0.9995150803065307,4.849196934693104E-4,
0,1,0.4533892989870541,0.546610701012946,
0,0,0.9999999634589939,3.654100602042326E-8,
0,0,0.9999995103507412,4.89649258809443E-7,
0,0,0.9999946138845262,5.3861154738293745E-6,
0,0,0.680985560963001,0.31901443903699894,
0,0,0.9999997604703624,2.395296375183667E-7,
0,0,0.679412571259969,0.32058742874003104,
0,0,0.9999997518484444,2.4815155553764303E-7,
0,0,0.9724494167610502,0.027550583238949784,
0,0,0.9998641299364364,1.3587006356378278E-4,
0,0,0.9985074572196228,0.0014925427803771953,
0,1,0.2121109912618087,0.7878890087381912,
0,0,0.9999999285930393,7.140696054834138E-8,
0,0,0.9999978577956197,2.1422043803694358E-6,
0,0,0.9939410897003956,0.006058910299604302,
0,0,0.9434474300968148,0.056552569903185385,
0,0,0.9999282893254429,7.17106745571321E-5,
0,0,0.7978448925344332,0.2021551074655667,
0,1,0.11562295493914404,0.884377045060856,
0,0,0.9999998115559864,1.8844401359572381E-7,
0,0,0.9999866206515228,1.337934847722755E-5,
0,0,0.9999999899127817,1.0087218371868595E-8,
0,0,0.9999998811203415,1.1887965840632043E-7,
0,0,0.9999999467654241,5.323457580291312E-8,
0,0,0.9999998937893559,1.0621064406572967E-7,
0,0,0.9999996482822792,3.517177208891957E-7,
0,0,0.9999978787912074,2.1212087926100207E-6,
0,0,0.9999929756263725,7.024373627497824E-6,
0,0,0.999999898870164,1.0112983593623467E-7,
0,0,0.9999997310227732,2.68977226822153E-7,
0,0,0.9999998985441697,1.0145583029398748E-7,
0,0,0.9999997301557191,2.698442809682523E-7,
0,0,0.9999999902515315,9.748468504473806E-9,
0,0,0.9999998851125684,1.1488743153043656E-7,
0,0,0.9999999485531523,5.1446847602997254E-8,
0,0,0.9999995211539824,4.788460175948034E-7,
0,0,0.9999998028280548,1.97171945136096E-7,
0,0,0.9999890542579553,1.094574204476324E-5,
0,0,0.9999929097457269,7.0902542730410465E-6,
0,0,0.9999049989451536,9.500105484647517E-5,
0,0,0.9997045477141158,2.954522858841912E-4,
0,0,0.9998783220293216,1.2167797067853676E-4,
0,0,0.9983719715733276,0.0016280284266723532,
0,0,0.999999996018513,3.9814869691757555E-9,
0,0,0.9999999961522197,3.847780317740297E-9,
0,0,0.9999967121621066,3.2878378934017725E-6,
0,0,0.9999559447683245,4.4055231675478454E-5,
0,0,0.999401295030263,5.98704969737028E-4,
0,0,0.9997706968014368,2.2930319856315977E-4,
0,0,0.5127404721726551,0.487259527827345,
0,0,0.9999975759503079,2.424049692127188E-6,
0,0,0.9999675187104552,3.2481289544881306E-5,
0,0,0.9998654483931733,1.3455160682687944E-4,
0,0,0.998200011640962,0.0017999883590380538,
0,0,0.9998453565805411,1.546434194589727E-4,
0,0,0.9777101965874574,0.02228980341254263,
0,0,0.9906999060859755,0.009300093914024483,
0,0,0.9998938235371571,1.0617646284300524E-4,
0,0,0.9985791061299202,0.0014208938700797852,
0,0,0.7458162723436658,0.25418372765633424,
0,0,0.7882452622643275,0.21175473773567252,
0,0,0.9702254722031278,0.029774527796872244,
0,1,0.06635392010785976,0.9336460798921402,
0,1,1.5277951260617807E-4,0.9998472204873937,
0,0,0.9998502280480747,1.497719519253294E-4,
0,0,0.9999291132354741,7.088676452588536E-5,
0,0,0.9999999875079107,1.2492089359171894E-8,
0,0,0.9999999953684483,4.631551677553216E-9,
0,0,0.9999999797677331,2.023226686337547E-8,
0,0,0.9999999849612927,1.5038707291925524E-8,
0,0,0.9999998305131251,1.6948687487866212E-7,
0,0,0.9999990243648016,9.756351983710055E-7,
0,0,0.9999542358895841,4.5764110415962036E-5,
0,0,0.9999997770497444,2.2295025555586687E-7,
0,0,0.9999999953073219,4.69267808869624E-9,
0,0,0.9999996996506932,3.0034930675066425E-7,
0,0,0.9999805152125365,1.94847874634656E-5,
0,0,0.9990868032144289,9.131967855711154E-4,
0,0,0.9999955473107319,4.452689268134224E-6,
0,0,0.9999999884620291,1.1537970926165066E-8,
0,0,0.999999992648546,7.351453905304636E-9,
0,0,0.9999999804471749,1.95528250790098E-8,
0,0,0.9999999921030496,7.896950326886366E-9,
0,0,0.999999978996306,2.100369399691466E-8,
0,0,0.9999999551171073,4.488289264782986E-8,
0,0,0.9999999969304117,3.0695881945999654E-9,
0,0,0.9999998008605049,1.991394950794027E-7,
0,0,0.9999999918357481,8.1642518926544E-9,
0,0,0.9999999934405823,6.5594176072360595E-9,
0,0,0.9999995744579611,4.255420389746446E-7,
0,0,0.9999999905944995,9.405500442870031E-9,
0,0,0.9999999799013415,2.0098658469548185E-8,
0,0,0.9999999108248866,8.917511337186355E-8,
0,0,0.99999999634403,3.6559699574235363E-9,
0,0,0.9999997628190044,2.371809956001408E-7,
0,0,0.9999995165676948,4.834323051727852E-7,
0,0,0.9999999273073849,7.269261508761066E-8,
0,0,0.9999999674480858,3.255191410687796E-8,
0,0,0.9999999742627025,2.573729748500451E-8,
0,0,0.999999997033495,2.966505009266209E-9,
0,0,0.9999999831396523,1.6860347784059967E-8,
0,0,0.9999999758040602,2.4195939728312327E-8,
0,0,0.9999999909103559,9.089644087584973E-9,
0,0,0.9999997273107493,2.726892507467504E-7,
0,0,0.9999999964668052,3.533194847346834E-9,
0,0,0.9999998940041654,1.0599583455979086E-7,
0,0,0.999999770784036,2.292159639915205E-7,
0,0,0.9999931235667