2,2,0.07364705040316803,0.026676970052371574,0.8996759795444604,
2,1,0.0037728101157826145,0.9677588963912543,0.028468293492962995,
2,1,0.0021180212987390993,0.7939054307101172,0.20397654799114368,
2,2,6.187173269386157E-4,0.0018814065771748407,0.9974998760958866,
2,2,0.17651712771804862,1.5094391089563332E-4,0.8233319283710557,
2,0,0.7219359805255855,0.0050599059219046125,0.2730041135525099,
2,2,0.39259295727196936,0.026303660453349312,0.5811033822746813,
2,2,0.0014734321287308044,0.0028486403270794477,0.9956779275441897,
2,2,0.04181787912916912,0.09477200563686447,0.8634101152339664,
2,2,0.09746431581176798,0.009792637599707459,0.8927430465885247,
2,0,0.7312979654358945,0.22634603093770064,0.04235600362640477,
2,2,0.012956285280699368,0.001176005719604127,0.9858677089996966,
2,1,0.07465179683252944,0.7429937053575146,0.18235449780995588,
2,2,0.01808810837780185,0.001084200640332086,0.9808276909818661,
2,2,7.368872813919671E-4,0.017108819760461438,0.9821542929581467,
2,0,0.7285765266158221,0.03175652339393835,0.23966694999023963,
2,2,0.17613874671212978,0.24446739187608094,0.5793938614117893,
2,0,0.5284349553992714,0.46909333647827706,0.0024717081224513732,
2,2,0.0016447481267751743,0.2659165529451652,0.7324386989280597,
2,1,0.06852052063596908,0.5477354869564408,0.38374399240759016,
2,2,0.30120285614761866,0.14422859889209308,0.5545685449602883,
2,2,0.07219329769603364,0.003875022184884453,0.9239316801190818,
2,2,0.43978129605600785,0.06996767023087588,0.4902510337131161,
2,1,0.008662134507754318,0.597762139495148,0.3935757259970977,
2,1,0.09759847773866012,0.901832990791091,5.685314702489264E-4,
2,2,0.012427710279158205,0.002782098879993458,0.9847901908408483,
2,2,0.00989679713856274,0.020378457233294043,0.9697247456281431,
2,2,0.03574509363282096,0.005522929511317305,0.9587319768558618,
2,0,0.9923045170281454,0.0021777251322355287,0.0055177578396190105,
2,1,0.3808153155770684,0.5326565273831796,0.08652815703975199,
2,2,9.271445196572758E-4,0.34206151213512115,0.6570113433452217,
2,2,1.3592015679845826E-4,1.9483225733022094E-4,0.9996692475858713,
2,0,0.8331680134217053,0.08666168597507268,0.08017030060322199,
2,2,0.025570653313273285,0.04561138529691679,0.92881796138981,
2,2,7.802557547471793E-4,0.11296934299989557,0.8862504012453571,
2,2,5.150214744552275E-4,0.12194434961779674,0.8775406289077481,
2,2,0.005076742514610403,0.0037576445487199537,0.9911656129366697,
2,2,4.812254101277303E-4,0.0017870343903725499,0.9977317401994997,
2,1,0.0029095074017784625,0.5204485072544116,0.4766419853438099,
2,0,0.9475135809085519,0.04916594840678444,0.0033204706846637084,
2,2,0.00146954826143455,0.005483358616462505,0.9930470931221029,
2,2,0.05203122815787552,0.022831072674928184,0.9251376991671963,
2,2,0.1072514627715673,0.2902338995962211,0.6025146376322116,
2,2,0.0015135843647381144,0.4481799273939023,0.5503064882413596,
2,1,9.727131434586761E-4,0.9958951621586757,0.003132124697865572,
2,1,0.025822553894887485,0.8965513535333115,0.077626092571801,
2,2,0.002606502539680938,0.11193569483318826,0.8854578026271309,
2,2,0.02412665331439898,0.24112180787433232,0.7347515388112688,
2,2,7.351396078029055E-4,0.019285442593537486,0.9799794177986596,
2,2,0.0022568796750750877,0.002831776878730062,0.9949113434461948,
2,2,0.009516062933919637,0.009264393063276758,0.9812195440028036,
2,2,0.007533511467559238,0.2363946741609725,0.7560718143714683,
2,2,0.10801463266744574,0.25346681221251344,0.638518555120041,
2,2,0.007079744211441292,0.003505260129809454,0.9894149956587492,
2,2,4.32493257407196E-4,0.005564206976303136,0.9940032997662898,
2,2,0.05558132042633652,0.0528321175908346,0.8915865619828288,
2,2,0.0035208558244106724,0.0010113775088478403,0.9954677666667415,
2,2,0.30075045925660804,5.840077596570119E-4,0.698665532983735,
2,2,0.08443868933706349,0.0010640522709638917,0.9144972583919725,
2,0,0.9369605076290511,0.02275758660156595,0.040281905769382786,
2,2,0.0928122426357525,0.003379074866496289,0.9038086824977513,
2,2,2.5345157138692597E-4,0.15599308957542576,0.8437534588531872,
2,1,0.001279645158645341,0.9253063510517298,0.0734140037896248,
2,2,5.818360516357397E-4,0.24924305136544514,0.7501751125829192,
2,2,0.07040565394526599,0.28578573168131993,0.6438086143734141,
2,2,0.10717394016830946,0.030932551152528697,0.8618935086791619,
2,2,0.004891778429180509,0.19572406157923236,0.7993841599915872,
2,1,0.32101994813582835,0.3983757539830294,0.2806042978811422,
2,0,0.5060258844313782,0.020231118602392305,0.4737429969662295,
2,1,0.022279042155929085,0.7409538362975562,0.23676712154651472,
2,2,0.0019185875276955429,0.03046731317721258,0.9676140992950918,
2,1,0.015893139461079814,0.5875360023420715,0.3965708581968486,
2,2,0.025860649306396595,0.0060886946007182524,0.9680506560928851,
2,2,0.17566789051237014,0.025232167172868816,0.799099942314761,
2,2,0.16379510481605564,0.2712811787540959,0.5649237164298485,
2,2,0.0039380688499560295,0.0020698506026249207,0.993992080547419,
2,2,0.008613369003838708,0.4445172202796829,0.5468694107164785,
2,2,0.31862732662659277,0.007019189673535492,0.6743534836998718,
2,2,0.0032605322178170964,0.008514877129147926,0.9882245906530349,
2,2,0.033761962699984216,0.01214286204471912,0.9540951752552966,
2,2,3.036080280304348E-5,0.006836698218670613,0.9931329409785263,
2,2,0.12385844873990151,0.1948472673359292,0.6812942839241694,
2,2,4.904303940357729E-5,0.0021503623008964127,0.9978005946597001,
2,2,0.3486368443809265,0.0032103785790377802,0.6481527770400357,
2,0,0.9693442892189428,0.005041990439959507,0.02561372034109774,
2,2,0.0371958464794244,0.1872448656843371,0.7755592878362385,
2,2,0.002606054902907852,0.004256955359665182,0.993136989737427,
2,2,0.02545386623131507,0.012643241085047826,0.9619028926836372,
2,2,0.06261672937856338,0.001334062035551286,0.9360492085858853,
2,2,0.0035328211185883017,0.2575074592286325,0.7389597196527793,
2,2,0.1268432525373993,0.049158426811093496,0.8239983206515071,
2,2,0.0018276335567580478,0.20368762675450672,0.7944847396887352,
2,2,0.00589820123583123,0.002720752783647395,0.9913810459805213,
2,2,0.01555039272321126,0.004004244197565335,0.9804453630792234,
2,2,0.00286388123676243,0.02006134177123131,0.9770747769920063,
2,2,0.022594465467263517,0.007794409044649853,0.9696111254880867,
2,0,0.9437348209409077,0.029466848254942876,0.026798330804149433,
2,1,0.04903625908677223,0.5969476713342522,0.35401606957897563,
2,2,0.015100709687616592,8.277835146946098E-4,0.9840715067976888,
2,2,7.133847108329297E-5,0.28085883893115,0.7190698225977668,
2,2,6.4439464213002E-4,0.008560641625554696,0.9907949637323152,
2,2,0.03234855611509047,0.006834093300648482,0.960817350584261,
2,2,0.240000033141297,0.003913392675852892,0.7560865741828502,
2,2,0.32356249564585116,9.119607145970146E-4,0.6755255436395519,
2,2,0.08737086006109582,0.19079570406644344,0.7218334358724607,
2,2,0.43405816329444147,0.008239759249920505,0.5577020774556382,
2,1,8.761405562738963E-4,0.9584959965610239,0.04062786288270202,
2,2,0.0895868672951413,0.3476503125494071,0.5627628201554516,
2,2,0.03795407483430792,6.093440745501402E-4,0.9614365810911419,
2,1,0.05329095431081001,0.8625436092359143,0.0841654364532756,
2,2,0.11448808484296431,0.3933253602377282,0.49218655491930763,
2,2,0.02611482755164692,0.30002449844328977,0.6738606740050633,
2,2,0.029250229771996338,0.002121091992364677,0.9686286782356389,
2,2,0.00642958730005065,7.721308889680923E-4,0.9927982818109813,
2,2,0.09654646465993064,0.01990227573478123,0.8835512596052882,
2,2,0.412024053034136,0.0464729324451153,0.5415030145207488,
2,2,6.003660156064231E-4,0.0011653221824874235,0.998234311801906,
2,0,0.4627335655715378,0.39571700752179356,0.1415494269066687,
2,2,0.0032952189247278307,0.030369094831514815,0.9663356862437573,
2,2,0.47919396334010567,0.008778903576174531,0.5120271330837197,
2,2,0.3743136700722935,0.006497263252948323,0.6191890666747583,
2,1,0.22617650412722495,0.5114274499033831,0.2623960459693919,
2,2,2.0764645480052013E-4,0.0012509790497276419,0.9985413744954719,
2,1,0.001368825512197428,0.6215176719888932,0.3771135024989092,
2,2,0.15347412213794634,0.22855304152361997,0.6179728363384336,
2,2,0.0017792324649450256,2.772642301109998E-4,0.9979435033049439,
2,0,0.9080657512913968,0.03555633331165673,0.056377915396946414,
2,0,0.8199714684416306,0.173643927684464,0.006384603873905452,
2,2,0.33260965103691476,0.002838717077581023,0.6645516318855041,
2,0,0.8247438561120303,4.5132153685876304E-4,0.174804822351111,
2,2,5.815745493810563E-4,0.0020704639549187004,0.9973479614957003,
2,2,0.0075917525449749985,0.0019987560017701534,0.9904094914532549,
2,2,0.08044906634683709,0.2070213418818769,0.7125295917712859,
2,1,0.001390343772799819,0.8720074689196271,0.12660218730757303,
2,2,0.006705902788842594,0.010114098228661132,0.9831799989824962,
2,2,0.004992296654227064,0.363902161588515,0.6311055417572581,
2,2,4.963245051058741E-4,0.2530356446677688,0.7464680308271254,
2,2,0.10247581877401583,0.11676973795042835,0.7807544432755558,
2,2,0.08450777190565961,0.13309955200338455,0.7823926760909558,
2,0,0.9909050865947976,4.916662251317976E-4,0.008603247180070708,
2,2,0.14620930582448133,0.4030171203084812,0.45077357386703754,
2,2,2.9356368069592047E-4,0.006608725636348273,0.9930977106829558,
2,2,6.420639916075776E-4,2.0889181341697739E-4,0.9991490441949754,
2,2,1.6430938392310236E-4,0.03275478995047071,0.9670809006656063,
2,1,1.5238563417063977E-4,0.9983660230630588,0.0014815913027706388,
2,2,0.009100417688937368,0.012583792452903737,0.9783157898581589,
2,2,0.021368484222080524,0.029547717442759257,0.9490837983351602,
2,2,0.04043675326416826,4.5220240034937097E-4,0.9591110443354822,
2,2,0.19311717500955528,0.001505677806568304,0.8053771471838764,
2,2,0.13764426776392485,0.24236554105784316,0.619990191178232,
2,2,6.849402236440682E-5,0.0016828637459848713,0.9982486422316507,
2,2,0.10626582771433599,0.06754581949623441,0.8261883527894297,
2,2,0.04457349870632954,0.2815972138283814,0.6738292874652889,
2,2,0.002963741914482823,0.005436641425096272,0.991599616660421,
2,2,0.0011388771524824019,0.003439356802818304,0.9954217660446992,
2,1,0.013325694923932591,0.721586159179495,0.26508814589657237,
2,1,0.18492870881575219,0.8078174505613712,0.007253840622876459,
2,2,1.9734943850549E-4,7.901214146715685E-4,0.9990125291468229,
2,1,0.05066744441611932,0.5863216433508818,0.36301091223299886,
2,2,0.004916606110128445,0.10590444468753347,0.8891789492023381,
2,2,0.2351254521856623,0.017516545963626434,0.7473580018507113,
2,2,3.858665241742955E-4,4.521799429875497E-4,0.9991619535328381,
2,2,5.885708505293106E-4,0.01125318514333995,0.9881582440061307,
2,2,0.01462445716386605,0.008010069159993182,0.9773654736761408,
2,1,0.0010111737936730663,0.6260357814129915,0.37295304479333535,
2,2,0.06767492613989941,0.002157107807298583,0.9301679660528019,
2,1,0.0028863350221940377,0.701663659695102,0.29545000528270393,
2,2,0.004918401211341791,0.18309600678233248,0.8119855920063257,
2,2,0.06577663135845685,0.0018711094264318936,0.9323522592151112,
2,0,0.6415165746947842,0.26353882861744315,0.09494459668777266,
2,2,7.259329260263335E-4,0.23626604688975975,0.763008020184214,
2,1,3.042032552676625E-4,0.9935411100320118,0.0061546867127203475,
2,0,0.944475414976801,0.01948404180302396,0.03604054322017518,
2,2,0.004205923713686433,0.01071398175427221,0.9850800945320415,
2,2,0.0013510508773994603,0.011294257579957261,0.9873546915426432,
2,1,2.535332907487868E-5,0.9994386126594901,5.360340114349644E-4,
2,2,0.02853029495736171,0.1109220409964445,0.8605476640461939,
2,2,0.2285570175235221,0.10939107785563905,0.6620519046208388,
2,2,0.027988456755104817,0.030476194076116424,0.9415353491687788,
2,2,2.0301793915573438E-4,0.01853411706151444,0.9812628649993299,
2,2,0.23444373551972442,0.05429310936587242,0.7112631551144031,
2,1,0.0020675703097661965,0.9315310030749908,0.06640142661524313,
2,2,0.0013851455638875655,0.06382075738154196,0.9347940970545705,
2,1,0.02852522329370589,0.9093204478429588,0.06215432886333526,
2,2,0.07983084524376498,0.009687848866243765,0.9104813058899913,
2,2,0.004425693994386767,0.04302893472513151,0.9525453712804818,
2,0,0.6203754600769815,0.001099903150888139,0.3785246367721304,
2,2,2.48054702135596E-4,0.00633097562903812,0.9934209696688263,
2,2,3.0252099606524024E-4,0.001851877385901233,0.9978456016180336,
2,1,0.04363594973450804,0.48683373472810343,0.46953031553738855,
2,2,0.08218626582132874,0.00787502444557678,0.9099387097330944,
2,2,0.30632707268795295,0.011194142697723375,0.6824787846143237,
2,2,0.0015745089676670323,9.414043908450842E-4,0.9974840866414878,
2,2,0.00683042003693459,0.022291544322712315,0.970878035640353,
2,2,0.04760504004033587,0.04034777410826939,0.9120471858513947,
2,2,0.11933538572193965,0.010007254147086399,0.8706573601309741,
2,2,4.787094830149735E-4,0.13812194483757745,0.8613993456794075,
2,2,6.651844276222834E-4,0.0019376829282088538,0.9973971326441688,
2,1,0.013191392324827966,0.9616613572867329,0.02514725038843916,
2,2,1.0740908726754986E-4,0.003024953885048304,0.996867637027684,
2,2,0.024554671645642852,0.006884939768251036,0.9685603885861062,
2,2,1.789624227470057E-4,0.010045490041702597,0.9897755475355505,
2,2,0.23151522947356537,0.004696758611634792,0.7637880119147998,
2,2,0.07460694521054384,0.16971467201576224,0.7556783827736939,
2,2,0.001701306973225377,0.05071538337700462,0.9475833096497699,
2,2,0.0023172437226411462,0.019076816406193534,0.9786059398711654,
2,1,0.27815165085464744,0.5687759768999762,0.1530723722453764,
2,2,4.955444769586847E-4,4.5181044213461996E-4,0.9990526450809066,
2,1,0.02224718813937102,0.7105099710387957,0.26724284082183336,
2,2,2.6092242548513944E-4,0.0030329829617082487,0.9967060946128066,
2,2,0.0037732044249417698,0.10138957959722254,0.8948372159778356,
2,1,0.007438171458208057,0.9682977081150745,0.02426412042671741,
2,2,0.0032790524170177937,0.361883379767936,0.6348375678150463,
2,2,0.001228539202202511,0.012276811155020316,0.9864946496427772,
2,0,0.7226481505257625,0.08766289527742839,0.18968895419680917,
2,0,0.900713134562932,0.024709365591412326,0.07457749984565581,
2,2,5.969912146677928E-4,0.01879440973129239,0.9806085990540399,
2,0,0.905173098207803,0.003019253620799595,0.09180764817139733,
2,1,0.049401797313851824,0.8599519443710276,0.09064625831512052,
2,2,0.0031440967077861646,8.986717400702924E-4,0.9959572315521436,
2,2,0.0029866866013712997,0.01579183235053729,0.9812214810480913,
2,0,0.7660837285949408,0.001029287758362405,0.23288698364669674,
2,2,0.17467300049018875,0.005117242072416226,0.820209757437395,
2,1,2.7548076509551064E-4,0.9295710436777536,0.07015347555715089,
2,2,7.153841772593432E-4,0.0054128941633793766,0.9938717216593613,
2,2,0.07484732696546759,0.014786072475383183,0.9103666005591491,
2,2,0.004644610099319321,0.0015836970021630703,0.9937716928985176,
2,2,0.010724544675216052,0.008733035907559172,0.9805424194172246,
2,2,0.026974019688805445,0.022039418569344785,0.9509865617418498,
2,2,4.2661843933785074E-4,4.782469293829745E-4,0.9990951346312792,
2,1,0.13019605915329635,0.48418068414801896,0.38562325669868464,
2,2,0.0034584075904130853,0.0014073252636682637,0.9951342671459187,
2,2,0.012098805723835985,0.07649843720078474,0.9114027570753793,
2,2,0.13576456404495227,0.027091631266606003,0.8371438046884416,
2,2,0.016780220297037268,0.4131508324773758,0.570068947225587,
2,2,0.32228045767558117,0.0015627614053710364,0.6761567809190477,
2,1,3.785260323522685E-4,0.6653851134094957,0.3342363605581522,
2,2,0.010501580579258544,0.021833571573046936,0.9676648478476946,
2,0,0.49761258536142344,0.3759766970296633,0.12641071760891318,
2,2,0.258525880246182,0.017099118893528057,0.7243750008602899,
2,2,0.012540302316303376,0.002114548850843384,0.9853451488328533,
2,0,0.6049769144100462,0.2843390268571243,0.11068405873282934,
2,2,0.02450674126464138,0.31550620741032204,0.6599870513250365,
2,2,3.3451735494318633E-4,0.012629361762975062,0.9870361208820818,
2,2,0.0012022267378666114,0.004310575313186581,0.9944871979489469,
2,0,0.9073394399571393,9.53408296049243E-4,0.09170715174681164,
2,2,0.0013096674708672359,0.06766913832372236,0.9310211942054104,
2,1,0.4550723596049681,0.4740738760005557,0.0708537643944763,
2,2,6.641273932652323E-4,0.011235244212508285,0.9881006283942264,
2,0,0.4915943645676485,0.1724120402048032,0.33599359522754835,
2,2,2.519064105114906E-4,0.008726590249877542,0.9910215033396109,
2,2,0.014233919641110468,0.0027659694651384183,0.9830001108937512,
2,2,9.234988273425833E-4,0.005022469548405462,0.994054031624252,
2,0,0.5295843148031715,0.005431096815648605,0.46498458838118,
2,2,0.02682295092985918,0.23105056062364973,0.742126488446491,
2,2,0.004555034865868308,0.0016718324062515544,0.9937731327278803,
2,2,0.0037860055403511105,0.011136833620670599,0.9850771608389783,
2,2,0.09674643020541239,0.00163184859048297,0.9016217212041046,
2,2,0.026408523919730982,6.214410531324707E-4,0.9729700350271366,
2,2,0.06741833719094867,9.728872204870981E-4,0.9316087755885643,
2,2,0.003859539696344114,0.01830939340765296,0.9778310668960029,
2,2,0.014624908290868533,0.002230017834838114,0.9831450738742933,
2,1,9.168115560106879E-4,0.7669745222952307,0.23210866614875855,
2,2,0.05419662415102391,0.020539470715240645,0.9252639051337354,
2,2,0.002832577547660811,0.18063561559980598,0.8165318068525332,
2,1,0.04241147354378803,0.9287194700295804,0.028869056426631474,
2,1,0.03415049236267955,0.9368341240738068,0.029015383563513505,
2,2,0.0017349537667442642,0.020880257084875637,0.9773847891483801,
2,2,0.007898030032970118,0.024993293144236994,0.9671086768227929,
2,0,0.47762205263938456,0.10655926030239393,0.4158186870582214,
2,2,0.004308659276555934,0.21822703063069193,0.7774643100927522,
2,1,0.007098745322176541,0.9141022997316216,0.07879895494620193,
2,2,0.031040733060761706,0.004798812422793667,0.9641604545164445,
2,2,0.4301316964686236,1.6662458515302495E-4,0.5697016789462234,
2,1,0.04286046528706752,0.6158950439421633,0.34124449077076907,
2,1,0.0043506025780149305,0.8696899742533017,0.12595942316868336,
2,2,0.07605879346098104,0.06577539716999099,0.8581658093690281,
2,2,0.001839334032108761,0.353952432046054,0.6442082339218373,
2,2,0.458351480087363,0.0013769517096475171,0.5402715682029895,
2,2,0.02766211869574838,0.44001619967088945,0.5323216816333621,
2,2,0.04439754608285886,0.0017581052301436256,0.9538443486869975,
2,2,0.0029732932898084426,0.014531622881708473,0.9824950838284832,
2,1,0.0049277483908031165,0.8769210377407629,0.1181512138684341,
2,0,0.4993104116092339,0.13716531108576577,0.36352427730500025,
2,1,8.763196584561128E-5,0.9803220460851838,0.019590321948970573,
2,2,6.813116238218475E-4,0.004180582083932692,0.9951381062922453,
2,2,0.05225449558656098,1.6742594863583454E-4,0.9475780784648031,
2,2,0.03511112437537575,0.01149836163319293,0.9533905139914313,
2,2,0.08712339850749391,0.004722152717572233,0.9081544487749339,
2,2,5.239248085119021E-4,0.0022801753191655895,0.9971958998723224,
2,1,0.039216479370911286,0.7602851421886072,0.20049837844048146,
2,0,0.8167914680728832,4.779763334477823E-4,0.1827305555936692,
2,0,0.9714291674279133,2.998235079049735E-5,0.028540850221296352,
2,1,0.016031136147078507,0.5060588117364947,0.4779100521164268,
2,2,2.487458615331858E-4,0.003175132694145892,0.996576121444321,
2,2,7.503273828311728E-5,0.006475054968149039,0.9934499122935679,
2,2,5.384502022825643E-4,0.0015410688700208074,0.9979204809276966,
2,2,0.08508984203863182,0.2552782929122601,0.6596318650491081,
2,1,0.03117975700045679,0.6094713107519567,0.35934893224758635,
2,2,0.002203171165817612,5.81549816252509E-4,0.9972152790179298,
2,2,0.012996972277263456,8.176939883141605E-4,0.9861853337344224,
2,1,0.004190809049772178,0.7787725856906462,0.21703660525958166,
2,2,1.0162783865151149E-4,0.07516638860484028,0.9247319835565081,
2,0,0.527409156007483,0.19384386939101828,0.27874697460149883,
2,2,0.03822393154137935,0.39056068276611716,0.5712153856925035,
2,2,0.05269687713657532,0.0017785067712236923,0.9455246160922011,
2,2,0.013926626334254835,0.005017674100744358,0.9810556995650008,
2,0,0.7978802857888558,0.03532697041962991,0.16679274379151415,
2,2,0.03356028925945906,0.001131155894803099,0.965308554845738,
2,2,2.2044520478572044E-4,0.006384946887906993,0.9933946079073073,
2,0,0.5019615441893237,0.11427114936504514,0.3837673064456311,
2,1,0.0022057633344237126,0.8817555847673259,0.11603865189825043,
2,0,0.8824520739884057,0.0028033056140522104,0.11474462039754198,
2,2,0.0010645568438032034,5.570293291486362E-5,0.998879740223282,
2,0,0.5965067273067316,0.01709720759831191,0.3863960650949566,
2,1,0.0025700816758310683,0.9567202617320106,0.040709656592158264,
2,2,0.003199141606229479,6.651249969626011E-4,0.9961357333968079,
2,2,0.14661381897401773,0.06473840963994403,0.7886477713860383,
2,2,0.002336733181800682,0.09611340827596858,0.9015498585422307,
2,0,0.6772620965569776,0.17937126678962026,0.14336663665340216,
2,0,0.8307745732086264,9.42788048948816E-5,0.16913114798647877,
2,2,0.003117070458914877,0.0033183538749254555,0.9935645756661596,
2,0,0.7254055606535676,0.26951862981978714,0.005075809526645052,
2,0,0.6256072658448293,0.00827690675065374,0.3661158274045171,
2,0,0.6688398315837074,0.04887506724259517,0.28228510117369743,
2,1,2.928505070797727E-4,0.9354114349184693,0.06429571457445073,
2,0,0.7454795402001179,0.21029960062757158,0.044220859172310494,
2,2,2.4747414918944885E-4,0.1693361555424156,0.8304163703083949,
2,2,0.013559657080294454,0.0364790884941069,0.9499612544255985,
2,2,6.677589779131144E-5,0.012340479956104601,0.987592744146104,
2,2,0.011380384174468683,7.340563338671988E-4,0.9878855594916642,
2,0,0.8189024418315777,0.07666788347672301,0.10442967469169925,
2,2,0.0031707883577288876,0.007945129466641993,0.9888840821756291,
2,2,0.0032361956134226376,0.003014345766900186,0.9937494586196771,
2,2,8.165265866105517E-4,0.0010406493366289554,0.9981428240767605,
2,2,0.2927588426057241,0.002094144749698209,0.7051470126445777,
2,1,0.08338648956029023,0.5954806859208994,0.32113282451881026,
2,2,0.15662124086029816,0.0029414432050992026,0.8404373159346026,
2,0,0.5108328854448309,0.23332383317626196,0.2558432813789073,
2,2,0.001398792064606568,0.006782817376323842,0.9918183905590695,
2,2,9.260790627624482E-5,0.0019273349427883244,0.9979800571509354,
2,2,0.0025038281033150037,0.4273993794183909,0.570096792478294,
2,1,0.0013084902214485186,0.834043782365298,0.16464772741325343,
2,2,0.28429392746581267,0.0013318329100202285,0.7143742396241671,
2,2,0.052160307959701,0.27655850707640883,0.6712811849638901,
2,0,0.6114844572755295,0.0011785722779026622,0.38733697044656784,
2,0,0.5643375716840255,0.21616530112837376,0.21949712718760064,
2,2,0.028775651896924413,0.32751691545616984,0.6437074326469057,
2,2,0.0011871478885806103,0.0038716922754617436,0.9949411598359575,
2,1,0.002305358423207598,0.594156483931519,0.40353815764527345,
2,2,0.3739740882188612,0.010821026271222438,0.6152048855099164,
2,2,0.08685046007958531,0.005463233586439966,0.9076863063339746,
2,2,9.341998226003535E-4,0.0013886820016263735,0.9976771181757732,
2,2,3.443815338752659E-4,3.3611310638257785E-4,0.9993195053597421,
2,2,0.06783381893685282,4.668290587120652E-4,0.9316993520044352,
2,2,0.009207870971164264,0.0033037453870827242,0.9874883836417531,
2,0,0.49034143661078633,0.022095165350278636,0.48756339803893495,
2,1,0.002222922230306603,0.8712804434709144,0.12649663429877903,
2,2,0.05038259497423194,0.011449276784333473,0.9381681282414346,
2,2,0.02277914677598175,0.004346594785947306,0.9728742584380708,
2,2,2.1987342743461574E-4,0.0015310041258076688,0.9982491224467577,
2,2,0.17070022164798215,0.0014141342700926764,0.8278856440819251,
2,2,4.8303860712579005E-4,0.02565512524070485,0.9738618361521694,
2,2,0.21936519983981842,0.0068559617697855684,0.773778838390396,
2,2,4.938881015752122E-4,0.005336792300761009,0.9941693195976637,
2,2,0.3352423215863822,0.005560753188198812,0.659196925225419,
2,2,0.0044104388743790145,0.0019165616823518035,0.9936729994432691,
2,2,0.03135222766982795,6.885974490174668E-5,0.9685789125852703,
2,2,8.006643714885835E-4,0.04388892121040525,0.955310414418106,
2,2,0.002613250889112136,0.10346174870477258,0.8939250004061152,
2,2,0.0017373756890919014,0.0028457388971089336,0.9954168854137992,
2,1,0.001417981599085258,0.9659116111554217,0.03267040724549301,
2,1,3.2476897890430225E-4,0.7853963401904067,0.2142788908306889,
2,1,0.00908230594276577,0.987837382524043,0.003080311533191318,
2,0,0.9363729162258185,0.0015693705003739817,0.062057713273807366,
2,1,0.0020597012636770365,0.810947618307349,0.18699268042897393,
2,2,0.027713316454975524,0.2373071151402422,0.7349795684047823,
2,2,1.1448716461495906E-4,5.037098893153249E-4,0.9993818029460697,
2,1,0.00165541550309708,0.7992958859100753,0.1990486985868276,
2,2,0.0061595802319411854,0.011788785727341534,0.9820516340407173,
2,2,0.00442163994164739,0.18786496574863598,0.8077133943097167,
2,2,0.0018561127348916487,0.06556725935784359,0.9325766279072647,
2,2,0.1645428554374496,0.021797498933956154,0.8136596456285942,
2,2,0.43325451229235995,0.04113910449282218,0.5256063832148179,
2,2,0.11029343244749427,0.3953359372321807,0.49437063032032497,
2,0,0.8715722865798028,0.0030264723653887484,0.1254012410548083,
2,2,1.8733506123699178E-4,0.03280627629923029,0.9670063886395327,
2,2,0.2010933205938219,9.870691392258057E-4,0.7979196102669524,
2,2,0.040683865635420674,0.01088104547022639,0.9484350888943529,
2,2,9.014116809473504E-4,0.06610057889319058,0.9329980094258621,
2,2,0.041040265622332976,0.0186928142502306,0.9402669201274364,
2,2,0.009851206862282948,0.00113267999064708,0.98901611314707,
2,2,0.0028696155429234755,0.0709497873672311,0.9261805970898453,
2,0,0.8140193042192159,0.12649444552233083,0.05948625025845341,
2,2,8.282986053354082E-4,0.01017983460863621,0.9889918667860284,
2,2,0.021729158965351453,0.001651048464017935,0.9766197925706306,
2,1,0.0718820505450947,0.544401810089407,0.3837161393654982,
2,2,5.128706277000885E-4,0.11428631107787662,0.8852008182944233,
2,2,0.025814064471391982,0.3181298186715866,0.6560561168570214,
2,2,0.044257337369992475,0.4708757879737547,0.4848668746562528,
2,2,9.005348981623615E-4,0.008657614213547797,0.9904418508882898,
2,2,0.03511309526385248,0.02994826442389538,0.9349386403122523,
2,2,0.3217953052061379,0.08126451343879759,0.5969401813550644,
2,0,0.8848231605683468,3.640769054026131E-4,0.11481276252625074,
2,2,2.7541320152828366E-4,0.010029949571222815,0.9896946372272489,
2,2,0.31295435064908295,0.007861559735752135,0.679184089615165,
2,2,9.256776684701093E-4,0.0698850027349897,0.92918931959654,
2,1,0.19223170479779442,0.6356993094657019,0.1720689857365037,
2,2,0.0020171954965761693,0.06132376258166184,0.936659041921762,
2,2,0.03568169561470993,0.0876001343770356,0.8767181700082545,
2,2,2.926477043917364E-4,0.23556217183505038,0.7641451804605579,
2,1,0.40385479206797625,0.5147718983546413,0.08137330957738251,
2,2,0.19883111670513393,0.35131692635137013,0.44985195694349595,
2,2,0.23473001665961446,0.006613428834392868,0.7586565545059927,
2,2,0.005347293593814991,0.0016243446952944956,0.9930283617108906,
2,0,0.4086433493061989,0.268347420260238,0.3230092304335631,
2,2,0.20943204472478685,0.14948281642311678,0.6410851388520963,
2,2,4.439421812952198E-4,2.3453780309349497E-4,0.9993215200156111,
2,1,0.07151060418763505,0.6618646044924107,0.26662479131995437,
2,2,0.0138014294318357,0.002823859356908529,0.9833747112112559,
2,2,0.0024023153873788485,0.0019525728053267006,0.9956451118072945,
2,1,0.029999654589062393,0.9449672676994364,0.025033077711501074,
2,2,7.501003308398862E-5,6.423964840248984E-4,0.9992825934828912,
2,2,0.03010017574511654,3.5994309784860264E-4,0.9695398811570348,
2,2,4.0947544095425967E-4,0.01709628876370769,0.9824942357953381,
2,2,0.001761827905407508,0.48812775286044036,0.5101104192341521,
2,2,0.334109592981954,0.05832325205343958,0.6075671549646064,
2,2,8.650116029868438E-4,0.003635100139850495,0.9954998882571626,
2,2,0.22184710727695683,0.011530719870536839,0.7666221728525062,
2,2,0.048059999165095395,0.029966560810879752,0.9219734400240248,
2,2,0.42333769947187855,0.04691971370958661,0.5297425868185348,
2,2,3.0356285418599635E-4,0.009069473573954446,0.9906269635718595,
2,1,0.001486275144865292,0.8203227901239778,0.17819093473115702,
2,2,0.025721855339465853,0.0010116168237356662,0.9732665278367986,
2,2,3.76020811744922E-4,0.0039451358330542235,0.9956788433552008,
2,2,3.0962990605334055E-4,0.008106593244179726,0.991583776849767,
2,2,0.019476448254518018,0.005502365458737633,0.9750211862867443,
2,2,0.23158377928641058,0.366652580620123,0.4017636400934663,
2,2,0.0013406171866949762,0.011482621021225667,0.9871767617920795,
2,2,0.002900999785717601,0.042061732760294915,0.9550372674539875,
2,2,0.4488158410066628,0.002976784506517359,0.5482073744868199,
2,1,0.004485695594961248,0.9599897479567664,0.03552455644827245,
2,2,9.601874276986966E-4,0.005344947407392701,0.9936948651649087,
2,2,0.003731402763297621,0.014390424492365649,0.9818781727443369,
2,2,0.14917063347219467,0.007248710366102489,0.8435806561617029,
2,2,0.0501450188871371,0.022765847404909403,0.9270891337079535,
2,2,0.005263778813092781,0.007448305885295402,0.9872879153016119,
2,2,0.002287115136313494,0.023204172643741073,0.9745087122199454,
2,2,3.281936091059815E-4,0.020043762745324163,0.9796280436455699,
2,1,4.513939986317137E-4,0.9954320252934501,0.004116580707918198,
2,2,0.002245019203911056,0.009806521778211485,0.9879484590178774,
2,2,7.767130754492608E-4,0.0315913357009791,0.9676319512235717,
2,2,0.19038439929263887,0.014274946667566533,0.7953406540397945,
2,2,0.015930128520661568,0.001969406871421828,0.9821004646079166,
2,1,0.014262757135508295,0.5785584461255294,0.40717879673896235,
2,2,0.0027650239906982085,0.002145843401813257,0.9950891326074884,
2,2,0.0032258327863305637,0.0011902783452680614,0.9955838888684014,
2,1,0.0017328163687387326,0.9841662984310791,0.014100885200182094,
2,1,0.13124766787768447,0.4456424448933364,0.4231098872289791,
2,2,4.5252876859211514E-4,0.025339700888796692,0.9742077703426111,
2,2,0.00610114357710064,0.008024637735274794,0.9858742186876245,
2,1,0.05958023787058846,0.9044690698514758,0.035950692277935646,
2,2,0.004758300604803219,0.06599122404035368,0.9292504753548431,
2,2,2.6546988376870996E-4,0.011535578794508368,0.9881989513217229,
2,1,0.12803129080998044,0.7155249513368878,0.15644375785313186,
2,1,6.542215285060065E-4,0.9180455882961615,0.08130019017533247,
2,1,0.0026658038465202766,0.9266222922011402,0.07071190395233942,
2,1,5.965641826094145E-4,0.8555731839151872,0.14383025190220333,
2,0,0.9086124282105461,0.016120272640714618,0.07526729914873927,
2,0,0.5091816400860131,0.2749274312842057,0.21589092862978132,
2,2,0.12491912195582906,0.006121325737868273,0.8689595523063027,
2,1,0.002110471737383697,0.8802587460150313,0.11763078224758508,
2,2,0.001237950336500386,0.34318028659607164,0.655581763067428,
2,1,0.057922565289166034,0.549727297062576,0.39235013764825794,
2,2,1.161183665609662E-4,0.002033577202973984,0.9978503044304651,
2,1,0.2575534909839286,0.7305176873591752,0.011928821656896115,
2,1,0.001595723910416523,0.989636018668301,0.008768257421282595,
2,1,0.004900280950474163,0.953966384241451,0.04113333480807486,
2,2,0.13279955473035604,0.006319519542736498,0.8608809257269074,
2,2,0.0015696234395080081,0.24227868698644825,0.7561516895740438,
2,2,0.21284038572172984,0.017811411769600737,0.7693482025086694,
2,2,0.2691114579290747,0.1035153263724279,0.6273732156984975,
2,2,0.014348181383233004,0.0011436242201157698,0.9845081943966512,
2,0,0.5746564932533595,0.021027812580524812,0.4043156941661156,
2,2,0.0010176475361067644,0.003084039931431922,0.9958983125324614,
2,2,0.036077981395956256,2.755121528885163E-4,0.9636465064511552,
2,0,0.9344430153828649,1.2418386076824955E-4,0.0654328007563669,
2,2,7.345191969452589E-4,0.00758156801892127,0.9916839127841335,
2,2,0.002052672200542006,0.27439765601204325,0.7235496717874148,
2,2,0.00207269681856214,4.385632475925715E-4,0.9974887399338452,
2,2,0.04750491534549824,0.027213737697243723,0.9252813469572579,
2,2,0.04900129415393661,0.061197398654489255,0.889801307191574,
2,1,0.0049715106014580806,0.7583638561086425,0.23666463328989923,
2,2,2.8530568926001036E-4,0.03700819797207225,0.9627064963386678,
2,2,0.0016535701805553168,0.3209360685638048,0.6774103612556398,
2,2,0.008111605200516863,0.06557370155773636,0.9263146932417468,
2,2,0.01416735932660674,0.006433462917797162,0.9793991777555962,
2,1,0.1603111420302546,0.5821218375878072,0.2575670203819381,
2,2,0.02558877041414551,9.77435826352158E-4,0.9734337937595023,
2,2,2.983886517283613E-4,0.013997581741025887,0.9857040296072459,
2,1,0.22869061590128759,0.47401624853576835,0.2972931355629441,
2,2,8.433308165605843E-5,0.023102984546893204,0.9768126823714508,
2,2,0.12520508569357064,6.663015179116527E-4,0.8741286127885176,
2,1,0.08663576194617567,0.8591584609714693,0.05420577708235495,
2,2,5.140151798229635E-4,0.007597373667355331,0.9918886111528218,
2,2,8.243498074719463E-4,0.009933230986512435,0.9892424192060156,
2,2,1.8300593609740394E-4,0.03469530927930716,0.9651216847845954,
2,0,0.482022628537507,0.06366192237437104,0.454315449088122,
2,2,0.025254670546225946,0.038459876723610106,0.9362854527301638,
2,2,0.005215479718364153,0.18170203137036328,0.8130824889112724,
2,2,1.0784799378134117E-4,0.4880970794801373,0.5117950725260814,
2,2,1.5288165689789565E-4,8.882907608452862E-5,0.9997582892670176,
2,2,0.15557999915947604,0.07605415491583586,0.7683658459246882,
2,2,0.002091123436851492,0.03967852195729952,0.9582303546058489,
2,2,0.0014792083755889316,0.042658433529971965,0.9558623580944391,
2,1,0.0027490445382107012,0.8678234109093456,0.1294275445524438,
2,0,0.5979431039363436,0.0184392278630415,0.3836176682006149,
2,2,0.010123937321267248,0.008769646255729353,0.9811064164230033,
2,1,0.01130603854672287,0.9475521861689405,0.04114177528433651,
2,2,0.021767332644027238,0.03169229599016471,0.946540371365808,
2,2,1.4964755904532344E-5,4.000674348672624E-4,0.9995849678092282,
2,2,0.09575122109500846,0.014322489662905844,0.8899262892420856,
2,2,0.14718930914611505,0.13283226662935288,0.7199784242245322,
2,2,0.2314456145813664,0.02771484945336974,0.7408395359652639,
2,1,0.026977853908379062,0.7342349273315327,0.23878721876008815,
2,0,0.9866142516055084,3.971260880500758E-4,0.012988622306441652,
2,1,0.0016111962881484388,0.8718146157445023,0.12657418796734918,
2,1,0.357079243888548,0.6126829324971448,0.030237823614307168,
2,1,5.260956038251117E-4,0.5546161120127119,0.44485779238346296,
2,2,0.012499971358467943,0.003944947472425138,0.9835550811691068,
2,2,0.025771595520728215,0.0018676469050989623,0.9723607575741728,
2,0,0.7129740958502951,0.02593830044420087,0.26108760370550393,
2,2,0.17038714435235888,0.020435759256157104,0.8091770963914839,
2,2,0.0014625170810665489,0.06932839358568098,0.9292090893332524,
2,2,0.0054458760446095,0.0020740721962564327,0.9924800517591341,
2,2,1.013377139386431E-4,6.283972710442579E-4,0.999270265015017,
2,2,0.09761927029686084,0.007729522900809121,0.89465120680233,
2,0,0.5507321679921771,0.11184610728251415,0.3374217247253089,
2,2,0.07215014418597934,0.01161405167075853,0.9162358041432621,
2,1,6.003690190078846E-4,0.9676862068381428,0.031713424142849396,
2,2,0.05767761241379649,0.041019647240733946,0.9013027403454694,
2,2,5.758308302324293E-4,0.0012740366610026086,0.9981501325087648,
2,2,0.004779159760513385,0.009195856243150755,0.9860249839963358,
2,2,0.042131547127953146,0.003660273980745649,0.9542081788913012,
2,2,0.007218683855029199,4.853354013377815E-4,0.9922959807436331,
2,0,0.8704138637993071,0.08853955673470376,0.04104657946598933,
2,2,0.063775144818602,0.008151491696321417,0.9280733634850766,
2,2,0.02565472058335674,0.2652955216357187,0.7090497577809245,
2,2,0.008282025151720192,8.794073200247029E-4,0.9908385675282552,
2,2,1.2613407849144652E-4,0.03392607907712255,0.9659477868443861,
2,2,0.008023787800718819,0.0029448153039668312,0.9890313968953143,
2,2,4.756617318846296E-4,0.0037384498710363,0.9957858883970789,
2,2,0.02640164110874637,0.0024263162188682815,0.9711720426723853,
2,2,7.692537161172209E-4,0.02002481981650766,0.979205926467375,
2,2,0.011287651436098079,0.08133632122311403,0.9073760273407878,
2,2,0.012300729284107139,0.11921368218243944,0.8684855885334535,
2,2,3.813268699525815E-4,0.025164733811450995,0.9744539393185965,
2,2,0.08447921754140178,0.216789134228915,0.6987316482296833,
2,2,0.004251113426864188,0.00305405047605154,0.9926948360970843,
2,2,5.315784596157454E-4,0.039293027119546416,0.9601753944208379,
2,2,0.0019543853953547805,0.024102752133477734,0.9739428624711673,
2,1,0.0459897220025497,0.5774976096833901,0.37651266831406016,
2,0,0.6483655711253452,0.002550709484422791,0.34908371939023186,
2,2,6.227302969849533E-4,0.0032401689628367503,0.9961371007401782,
2,0,0.9120209095255817,0.004255238163234584,0.08372385231118377,
2,2,0.0017882002326157055,0.11873555754860984,0.8794762422187745,
2,0,0.7932228044588855,9.527459622736407E-5,0.20668192094488727,
2,2,0.0017951583170817244,0.002760722837237228,0.9954441188456811,
2,2,0.486135449513764,0.005437407889599488,0.5084271425966365,
2,2,0.0010297085155929876,0.0755857567848698,0.9233845346995372,
2,2,0.07986734755172382,0.10301268197669702,0.8171199704715791,
2,2,0.010699086418487132,0.0037666269500181426,0.9855342866314948,
2,2,0.0011752234761580407,2.8433915049055745E-4,0.9985404373733515,
2,2,0.1554758643876487,0.010767877433675296,0.833756258178676,
2,2,0.0031741862436354207,0.07259012738272404,0.9242356863736406,
2,2,0.19529693081984206,0.13792494222481366,0.6667781269553443,
2,1,0.07201723412137573,0.5127904619898832,0.4151923038887411,
2,2,4.4497470782627445E-5,0.002161127606204934,0.9977943749230124,
2,2,0.0033619276292230064,0.004259150889892531,0.9923789214808845,
2,2,0.26222283718994455,0.0026301399985176007,0.7351470228115379,
2,2,0.006358724397078335,1.7085016659257587E-4,0.9934704254363291,
2,2,0.0013313407445548634,0.0030845872288332733,0.9955840720266118,
2,1,0.29232712691365775,0.6893703004511987,0.018302572635143448,
2,1,0.09277757540155851,0.8933909636903871,0.013831460908054427,
2,2,0.0011772841939972495,0.01879569864799164,0.9800270171580111,
2,0,0.5947785096228548,0.0966205542664242,0.308600936110721,
2,2,0.008585168516611848,0.4402178690262525,0.5511969624571357,
2,2,0.0017363929337907338,0.005245205704094509,0.9930184013621148,
2,2,0.08526656032582784,0.020466629552822246,0.8942668101213499,
2,2,9.00762208902132E-4,0.026496179004874654,0.9726030587862232,
2,0,0.8339158250877885,5.573186317106959E-4,0.16552685628050084,
2,2,0.0019471357484736657,0.004805592757169496,0.9932472714943568,
2,2,9.724136639804757E-4,0.0037679909527606795,0.9952595953832588,
2,2,4.286216296837908E-4,0.007405789556458572,0.9921655888138576,
2,2,0.003274156417493333,0.026532476587709852,0.9701933669947967,
2,0,0.5121711408845891,0.05894022425832099,0.42888863485708983,
2,1,0.03656191728393101,0.546452399234625,0.41698568348144405,
2,2,0.23159595078133013,2.3590253295115428E-4,0.7681681466857186,
2,2,1.1250158639472631E-4,0.002480029190366023,0.9974074692232392,
2,2,4.407011904117487E-4,0.04810570160982389,0.9514535971997644,
2,2,0.002090658376815018,0.008126438528018151,0.9897829030951668,
2,2,0.01692159619895982,0.023681688173774404,0.9593967156272658,
2,2,0.015290013328644035,0.0027979262465298283,0.9819120604248263,
2,2,1.539208424377019E-4,0.0020530093114408277,0.9977930698461215,
2,2,1.8180507370373758E-5,0.0023212547075308213,0.9976605647850988,
2,2,0.008202612122121391,0.019418441585784194,0.9723789462920944,
2,1,7.227808662831891E-4,0.932154546577334,0.0671226725563828,
2,2,0.017123214917673914,0.04552730001020043,0.9373494850721257,
2,2,0.12135386002244587,8.851665276029528E-4,0.8777609734499512,
2,2,0.02750465264160056,0.4803956153308457,0.4920997320275537,
2,2,0.1341053052985874,0.10966643333784817,0.7562282613635644,
2,2,0.14128150674534715,0.00314413354603011,0.8555743597086228,
2,1,0.027040368531325056,0.4900203622202859,0.4829392692483889,
2,2,0.006210209277265923,0.1593903575394449,0.8343994331832891,
2,2,0.011087468149068755,0.0046717554739726195,0.9842407763769586,
2,2,0.08655078628047098,0.0015276028689460942,0.9119216108505829,
2,2,0.006488607303555721,0.49301385974979617,0.5004975329466481,
2,2,0.0955050013761127,0.22774366037337704,0.6767513382505104,
2,2,5.745005950505345E-4,5.133318514051807E-4,0.9989121675535444,
2,2,0.04240552980669612,0.4127598262031429,0.544834643990161,
2,0,0.7409197008087745,0.025254456915428453,0.23382584227579706,
2,2,0.05464669211345923,0.004735736511150794,0.9406175713753899,
2,2,0.05172344786853727,4.000267308923242E-4,0.9478765254005703,
2,2,0.009078456891307417,0.35917284220796525,0.6317487009007274,
2,0,0.9681813493053247,0.02557584656967399,0.0062428041250012925,
2,2,0.10400684934686054,0.005738704359516677,0.8902544462936227,
2,2,0.010537812678432939,4.867293189185537E-4,0.9889754580026485,
2,2,7.079799863217598E-4,0.0036859705925122543,0.9956060494211659,
2,2,0.00404093330173054,0.002978225168561061,0.9929808415297083,
2,2,0.0031674473085894083,0.3346677572874478,0.6621647954039627,
2,0,0.9527587923241521,0.001989112988576669,0.04525209468727117,
2,2,0.014447539226069202,0.06540333923826323,0.9201491215356675,
2,2,0.38281214969404403,0.008295402420996037,0.60889244788496,
2,2,0.15988113985292474,0.02855221850313548,0.8115666416439398,
2,2,0.0020515956087484035,4.111625746784015E-4,0.9975372418165732,
2,2,0.049074374839619,0.011113085182219765,0.9398125399781613,
2,2,0.005076245468469466,0.008690919702580754,0.9862328348289497,
2,2,0.031355260726653,0.08394668509859839,0.8846980541747486,
2,2,0.2938031926022279,0.2870180736375084,0.4191787337602636,
2,2,0.21491514973989348,0.02999200734626382,0.7550928429138428,
2,2,0.250651021191231,0.007590362808141575,0.7417586160006274,
2,0,0.5229007360813356,0.05708817924206147,0.4200110846766029,
2,2,5.310706923101386E-4,0.013554250660702993,0.9859146786469869,
2,1,0.0016385000403974813,0.5131274089822354,0.4852340909773672,
2,2,0.031312853117515846,0.005994433686790629,0.9626927131956936,
2,2,0.27758637614461873,0.11509122625907066,0.6073223975963106,
2,2,7.810848022975454E-5,0.0017555577071302856,0.9981663338126401,
2,0,0.7571721212937688,0.007175595460497656,0.23565228324573365,
2,1,0.24784238692946617,0.5565265162001578,0.19563109687037597,
2,2,7.910994227817929E-4,3.3928416371066365E-4,0.9988696164135075,
2,2,0.012152611726071447,0.025096262644492436,0.9627511256294361,
2,2,0.009306642960998644,0.002613322870163687,0.9880800341688377,
2,2,0.21333060439178364,0.0010459719728065369,0.7856234236354098,
2,2,6.249927418486483E-4,0.013290945689717028,0.9860840615684343,
2,2,1.6486941239000102E-4,0.0032234286538620274,0.996611701933748,
2,2,0.00701196952689216,0.019356586170437798,0.9736314443026701,
2,2,7.86381770213179E-4,0.015826683284368148,0.9833869349454186,
2,2,0.02990487999333211,0.0042992668029818645,0.965795853203686,
2,2,0.010788094435295322,0.31513893670623955,0.6740729688584651,
2,2,0.03813078208612695,2.7480801752189293E-4,0.9615944098963513,
2,1,1.7975743410805566E-4,0.7935790086946564,0.20624123387123547,
2,0,0.6860753798594245,0.012612862842517303,0.3013117572980582,
2,2,2.4665492103284544E-4,0.014007203957210973,0.9857461411217563,
2,2,0.4279676324158342,0.0038052768669556984,0.56822709071721,
2,2,0.15682296644308924,0.1135374410376549,0.7296395925192558,
2,2,0.01332147701957568,0.018567802134269007,0.9681107208461552,
2,0,0.8527931449317693,0.013249958489998874,0.1339568965782318,
2,2,0.0056322299297167245,0.015212728160846763,0.9791550419094365,
2,1,8.647784107063371E-4,0.8712831344594557,0.1278520871298381,
2,0,0.8006985671386381,8.494482093027807E-4,0.19845198465205924,
2,0,0.822288920535454,0.0565154729761014,0.1211956064884446,
2,0,0.6208834750458962,1.505237281797951E-4,0.37896600122592394,
2,2,3.9015824433282094E-4,0.00425297841865979,0.9953568633370073,
2,0,0.5052926306304162,0.005931212057000481,0.48877615731258334,
2,1,0.048081109350256654,0.9382323537421601,0.01368653690758336,
2,2,2.585240451418731E-4,0.02081225844523315,0.978929217509625,
2,1,0.02488453452709179,0.9154844800758299,0.05963098539707833,
2,2,0.09961685710242608,0.03020066066373933,0.8701824822338345,
2,2,0.06798754067537191,0.1705688840861671,0.761443575238461,
2,0,0.9351624195108268,0.001761184631652056,0.06307639585752123,
2,2,0.002065461047101345,0.024543411875524293,0.9733911270773743,
2,1,0.056270062437932165,0.8763310855622173,0.06739885199985043,
2,2,0.0011790062675492276,0.18721149111431598,0.8116095026181348,
2,2,0.04310648034944758,0.010130135542327228,0.9467633841082252,
2,2,0.00938194916701402,0.06026010143384973,0.9303579493991362,
2,0,0.6273391323337935,0.008985011875870065,0.3636758557903364,
2,2,0.11425603482392427,0.031712905828862915,0.8540310593472128,
2,0,0.6222180348749842,0.06390522886641026,0.31387673625860557,
2,2,0.03275036047112042,0.050683006077196134,0.9165666334516834,
2,2,0.03814763814485824,0.013424569966374799,0.948427791888767,
2,0,0.6304128367329422,0.010806867434118668,0.3587802958329392,
2,1,0.021433636025230546,0.8719074033967854,0.10665896057798399,
2,2,0.05877995074601808,0.2505259541538215,0.6906940951001604,
2,2,0.4799265769360309,0.008541768876065916,0.5115316541879031,
2,0,0.8531546788052096,0.02249533355545015,0.12434998763934026,
2,2,0.029942338094474778,0.00213490001066829,0.967922761894857,
2,2,9.194874357158872E-4,0.0059983637601199674,0.9930821488041642,
2,2,0.30316828324496964,0.03626848992536804,0.6605632268296624,
2,2,0.3323451430307308,0.007174013861595172,0.660480843107674,
2,1,0.0022195412827102383,0.9397410925349973,0.058039366182292544,
2,2,6.20738369484366E-4,0.005300614910306129,0.9940786467202095,
2,1,0.1199497521835136,0.7862538459245969,0.0937964018918894,
2,0,0.8370487006706991,1.799629127308177E-4,0.16277133641657004,
2,2,0.04199975921106429,0.034032194925663055,0.9239680458632726,
2,0,0.9253405948992756,0.010565097128334916,0.06409430797238973,
2,0,0.6626912781948819,0.08178089224288067,0.25552782956223724,
2,2,0.10411190022742503,0.015149417547353255,0.8807386822252217,
2,2,0.002650090731543202,0.04142404223267523,0.9559258670357815,
2,2,0.10670758567224535,0.06650433959498277,0.8267880747327718,
2,2,0.14129736533671985,0.03914398408985583,0.8195586505734243,
2,2,0.0594161212765059,0.0031955305469372514,0.9373883481765568,
2,2,0.014327190073648152,0.2830625547208947,0.7026102552054571,
2,0,0.3953286920238805,0.26217489429904167,0.34249641367707784,
2,2,0.03284609352401085,0.0010857877908014841,0.9660681186851877,
2,2,0.12201399125478286,0.19575810793584447,0.6822279008093727,
2,2,0.0027363614592192183,0.3768348019407251,0.6204288366000557,
2,0,0.6101545602305138,0.010721678907807303,0.379123760861679,
2,2,0.03670303899808332,0.031096959028429245,0.9322000019734874,
2,2,0.2253464747490028,0.07093670253289819,0.703716822718099,
2,2,7.992709022815299E-4,0.001731463461852823,0.9974692656358657,
2,2,0.0020199232549383975,0.002861923500322177,0.9951181532447395,
2,2,0.028045659306471005,0.007890034082407783,0.9640643066111213,
2,2,3.721797104881316E-4,0.006850599227877336,0.9927772210616345,
2,2,5.750996817300251E-4,0.02187416555133984,0.9775507347669301,
2,1,1.170981703145876E-4,0.9661552722065625,0.033727629623123,
2,2,0.0010522736518139826,0.03215528388390049,0.9667924424642854,
2,2,3.900235483928617E-4,0.006811976692512762,0.9927979997590943,
2,2,0.005182000324088951,0.022467005687898174,0.9723509939880128,
2,2,0.4520926203099502,0.002052533687060402,0.5458548460029894,
2,2,0.05983242972990772,0.0013492101097357903,0.9388183601603564,
2,2,0.13371260216451122,0.2749348468577318,0.5913525509777571,
2,2,0.014223977872657709,0.2839001699429353,0.701875852184407,
2,1,1.2210367652777414E-5,0.9985027959849316,0.001484993647415613,
2,2,0.015549745106887364,0.032485113659973676,0.9519651412331389,
2,0,0.7633692965091856,0.0021752165113227647,0.23445548697949167,
2,2,0.054202216290756215,0.04282509431502124,0.9029726893942225,
2,2,8.739890606094266E-4,0.037646811693475564,0.9614791992459151,
2,2,0.009017201052698794,0.05745255764923512,0.9335302412980662,
2,2,0.01641375951914965,0.1522669918807303,0.83131924860012,
2,0,0.7578322197654979,0.23039975582974942,0.01176802440475266,
2,2,6.873301986445501E-4,0.0014383314926881329,0.9978743383086673,
2,2,2.0462339783496833E-4,7.219429599462094E-4,0.9990734336422188,
2,2,4.5422040717790725E-4,0.04513264141439519,0.9544131381784269,
2,2,4.8988462702278564E-5,0.003333949701509535,0.9966170618357881,
2,0,0.554508451246394,0.08799042044519485,0.3575011283084111,
2,2,0.04459829593325282,0.01636729032640602,0.9390344137403411,
2,1,0.04797103857414642,0.7991173682357805,0.15291159319007303,
2,2,1.4644563320301762E-4,0.19336751986812553,0.8064860344986714,
2,2,7.561176716260835E-4,0.007005275080814471,0.9922386072475595,
2,2,0.0024138656393818225,0.0029088330949642734,0.994677301265654,
2,2,0.056557893251007046,0.23475621017434406,0.7086858965746489,
2,2,0.03703579070415966,0.10642433520489737,0.856539874090943,
2,2,0.05487242047657335,1.6834082871867076E-4,0.944959238694708,
2,2,0.009884685882069385,8.201146585491069E-4,0.9892951994593816,
2,2,1.1907454875058849E-4,0.00612314477549508,0.9937577806757544,
2,0,0.8696959232244473,2.099521992314135E-4,0.13009412457632114,
2,2,0.0021870603470018407,0.008496104536393543,0.9893168351166047,
2,2,0.40646091668161755,0.00861280852629817,0.5849262747920844,
2,2,0.20024973317445482,0.09503396520426399,0.7047163016212812,
2,2,0.07210159515401553,0.02474370669611742,0.903154698149867,
2,2,0.025934327450969064,0.029388051072983878,0.9446776214760472,
2,2,0.2253370839834206,0.21039254176691208,0.5642703742496673,
2,1,0.00859268940358992,0.6527444476442387,0.3386628629521715,
2,2,0.005489937853659225,0.001497007336411622,0.9930130548099291,
2,1,0.006436854318468512,0.9843258253395847,0.009237320341946957,
2,2,0.022168702607896627,0.0021263945999780384,0.9757049027921253,
2,2,0.027188146772901753,0.013429267427207285,0.9593825857998909,
2,2,0.4231706937718081,0.007342426219134442,0.5694868800090575,
2,2,0.005866695124549918,0.23267136038288075,0.7614619444925693,
2,2,0.10938220958341231,0.005724948629617684,0.88489284178697,
2,2,0.018261048216317383,0.3346401333553194,0.6470988184283633,
2,2,0.00372389830831617,0.015320351521913154,0.9809557501697708,
2,0,0.919743136333432,0.0011252862363222622,0.0791315774302457,
2,1,0.023566873397000948,0.8323551760475101,0.144077950555489,
2,2,0.08050942948460957,0.011385840875282924,0.9081047296401075,
2,2,0.001977208560554992,0.0010435369974011132,0.9969792544420439,
2,2,4.888796628965016E-4,4.787202003268358E-4,0.9990324001367766,
2,2,0.28170547042249944,0.03145473607428388,0.6868397935032167,
2,2,0.001104412667773396,0.08809627807006429,0.9107993092621623,
2,0,0.8111676417166244,4.987687327558196E-4,0.18833358955061966,
2,2,6.67138388867473E-4,0.039044827155111,0.9602880344560215,
2,1,0.0560463067613686,0.9180203512173806,0.025933342021250895,
2,2,0.005403184747029346,0.017716034119518595,0.9768807811334521,
2,2,0.06824606710949348,0.44698527008990346,0.4847686628006032,
2,2,0.00479769705781025,2.9420193596684077E-4,0.9949081010062228,
2,2,1.2839615144189472E-4,0.004361862017418818,0.9955097418311393,
2,2,0.004998371018513186,0.3302588718076034,0.6647427571738834,
2,2,0.004461624638768789,0.008224751267116425,0.9873136240941147,
2,2,1.2880919873283162E-4,0.001006709843957701,0.9988644809573095,
2,2,0.07539120428843613,4.4322637825056354E-4,0.9241655693333133,
2,0,0.6862736138065589,0.006476933384013925,0.3072494528094273,
2,2,0.0020612999438804768,0.01102016798743519,0.9869185320686843,
2,2,0.010606560996414103,0.0011113634079658369,0.9882820755956201,
2,2,0.017507398403000207,0.004534780868946722,0.9779578207280532,
2,1,0.12021083563368681,0.5677235886584555,0.3120655757078576,
2,2,0.02118459061683104,0.05368917366733362,0.9251262357158354,
2,2,0.10694144318404299,0.032789521896047565,0.8602690349199095,
2,2,0.03419526649518838,0.10675547242568686,0.8590492610791248,
2,1,0.005107929344688774,0.9686857685909209,0.026206302064390424,
2,2,0.167720012068573,0.13019020479735263,0.7020897831340743,
2,2,0.009115297817675313,0.07145151161712394,0.9194331905652008,
2,2,0.0027201491491468037,0.11914965161237456,0.8781301992384786,
2,2,0.049732880951060585,0.006336264193469882,0.9439308548554696,
2,2,3.5652816241364357E-4,0.00786323439514835,0.9917802374424379,
2,2,0.005920680857634319,0.10609952302635195,0.8879797961160137,
2,2,0.025882340542730527,0.21685809665050382,0.7572595628067657,
2,1,0.03680467671586034,0.49292563763473213,0.4702696856494076,
2,2,0.17677937051539222,3.584200461491725E-4,0.8228622094384587,
2,1,0.07699152807852523,0.8783453366975439,0.04466313522393082,
2,1,0.0030331913274797297,0.8312395009702223,0.16572730770229807,
2,1,0.027696255157601754,0.9292283398859236,0.04307540495647477,
2,2,0.039114328738705344,0.014800898655823567,0.9460847726054711,
2,1,0.004584663718633142,0.9551503669076177,0.04026496937374937,
2,1,0.22407522465703467,0.6478826823418613,0.12804209300110395,
2,2,0.003993678665866221,0.0016661700947774825,0.9943401512393563,
2,2,0.04091946827510898,0.15002510291369048,0.8090554288112005,
2,0,0.8865884128157971,0.002835406110126242,0.1105761810740765,
2,2,4.422444613614637E-4,0.026749835917215452,0.972807919621423,
2,1,0.03066060204024562,0.5497285436011017,0.41961085435865264,
2,2,0.023982968037122382,0.08543517730013636,0.8905818546627412,
2,2,0.0010561913539634067,0.006209560263334834,0.9927342483827017,
2,2,9.175207494225637E-4,8.042924950197742E-4,0.9982781867555576,
2,2,1.0868371791279383E-4,0.0016288729020085056,0.9982624433800786,
2,2,3.119422795182871E-4,3.514198138564351E-4,0.9993366379066253,
2,0,0.763922680839114,0.0020917403038705268,0.2339855788570154,
2,1,0.008018494982093675,0.7032804740605588,0.2887010309573475,
2,0,0.8261544229258703,4.4859765300665994E-4,0.17339697942112306,
2,2,0.001411476702356576,0.017663436930228895,0.9809250863674146,
2,2,0.1607121513584668,0.0013080585095033915,0.8379797901320297,
2,1,2.865452037221807E-4,0.9941600037133188,0.005553451082959226,
2,2,0.0014677843890518487,0.019479752123777012,0.9790524634871711,
2,2,9.90164683756001E-4,0.005822709835850836,0.9931871254803932,
2,1,0.1872716479997267,0.5568637228747703,0.255864629125503,
2,2,0.01828183482309461,0.03196247732011153,0.9497556878567938,
2,2,0.18865836827487475,0.012022593871104957,0.7993190378540203,
2,2,4.368904576165095E-4,7.793197313066872E-4,0.9987837898110768,
2,2,0.14142620759648064,0.06135466420652933,0.79721912819699,
2,2,0.041066909503914485,0.001080313029869452,0.957852777466216,
2,2,6.465235622570887E-5,0.22765841690678693,0.7722769307369874,
2,0,0.7638017632884281,0.03953618918108141,0.19666204753049046,
2,2,2.1479005647519723E-5,0.0016806470319483229,0.9982978739624042,
2,2,0.0034831588898179195,0.0024083852708611992,0.9941084558393208,
2,2,5.944311433172578E-4,6.16361038947846E-5,0.9993439327527879,
2,2,0.07278008293616152,0.03469049107048797,0.8925294259933505,
2,2,0.3400725442032888,0.26379605669528633,0.3961313991014249,
2,2,0.192999966409762,0.0061790956273238724,0.8008209379629141,
2,2,0.1332530084809848,0.00399515098662124,0.862751840532394,
2,2,0.0015144681019844343,0.048678126170279605,0.9498074057277359,
2,2,0.3202761716740003,0.1972828054671392,0.48244102285886054,
2,2,0.0027823025390262238,0.002831657047773284,0.9943860404132006,
2,2,0.0012053284328466924,0.020863905045405567,0.9779307665217477,
2,2,7.912681143495994E-4,0.015928229902995753,0.9832805019826546,
2,2,0.11797294952376437,0.004977643085994126,0.8770494073902414,
2,2,0.02568059271125319,0.08168005157987437,0.8926393557088724,
2,2,0.01687355392114398,0.027330292258858108,0.9557961538199978,
2,1,0.007889467763777431,0.9180908183352525,0.0740197139009701,
2,1,0.027060921429684415,0.9658686190284196,0.007070459541895982,
2,1,8.357798830238815E-4,0.9433156890603794,0.055848531056596505,
2,2,0.3768402759851589,2.4834971429616863E-4,0.6229113743005449,
2,2,0.4598056509351943,0.005156200490047371,0.5350381485747583,
2,2,0.005688449234233202,0.011300929998051797,0.9830106207677151,
2,2,0.003060563295278823,0.18115332902718817,0.815786107677533,
2,2,0.005002617976629624,0.254477115860557,0.7405202661628133,
2,1,0.00591526349966809,0.9918793863756374,0.002205350124694593,
2,2,8.308008518871953E-4,0.29011885640603885,0.7090503427420739,
2,0,0.5001013391557024,0.35425497002342277,0.1456436908208748,
2,1,0.006073404128959302,0.5601739837030757,0.433752612167965,
2,2,0.014300437312332848,0.010288490418027433,0.9754110722696397,
2,2,0.00469549238607583,0.0022720400388901315,0.993032467575034,
2,2,0.32752666286051996,0.27351891618905805,0.39895442095042194,
2,2,0.01906041437345146,0.023227217568427733,0.9577123680581208,
2,2,0.3894215337590292,0.047527766966697325,0.5630506992742734,
2,0,0.9231076139720251,0.012058276516638019,0.06483410951133693,
2,1,0.0010527087005473541,0.7909588282697889,0.20798846302966387,
2,2,0.0012188169901889685,0.02902801445881038,0.9697531685510006,
2,2,0.09740868735692992,0.03166805780861728,0.8709232548344529,
2,2,3.4808162494921784E-4,0.00811541060053307,0.9915365077745177,
2,2,0.10934181289086226,0.0036139443462445318,0.8870442427628932,
2,2,0.09570272685976862,0.22912785463938726,0.6751694185008441,
2,2,0.04022072951011615,0.27345276825013093,0.6863265022397529,
2,2,0.010341624559848748,7.254901896171265E-4,0.9889328852505341,
2,2,0.04935001970488461,0.21493842043309708,0.7357115598620183,
2,2,0.0827330749197673,0.004286943814795077,0.9129799812654376,
2,2,0.01839527181230645,0.11688204014048433,0.8647226880472092,
2,0,0.6510742503041392,0.008110092773978167,0.34081565692188254,
2,2,2.2334178904806387E-4,7.815927801803228E-4,0.9989950654307715,
2,2,4.897145573135203E-5,0.014350171820952972,0.9856008567233157,
2,2,2.3342780273051525E-4,2.2098759680049153E-4,0.999545584600469,
2,1,0.010068309103445134,0.9857882849043273,0.004143405992227473,
2,2,0.0044536081972417945,0.13136149974748537,0.8641848920552729,
2,2,0.0012414511747653393,0.06970030486162783,0.9290582439636069,
2,0,0.42340734520204176,0.3542576438303006,0.22233501096765762,
2,2,0.15442116464450947,0.0047650191175194955,0.840813816237971,
2,0,0.5774275167807738,0.20022650906250383,0.2223459741567224,
2,1,0.12220718301061256,0.7577263684087379,0.12006644858064955,
2,2,0.002141236673117042,0.036076596943396544,0.9617821663834865,
2,0,0.9386272387005241,3.7043832991273966E-4,0.061002322969563254,
2,2,0.018706830305471957,2.693635748270519E-4,0.981023806119701,
2,2,0.1989730171870712,0.05783634721015565,0.7431906356027731,
2,2,7.819596228048242E-4,0.0037248799197149977,0.9954931604574803,
2,0,0.8842784229441566,3.809655588075158E-4,0.1153406114970359,
2,2,0.3017814018315753,0.007818078360324289,0.6904005198081004,
2,0,0.7166569887188082,0.25942958277479283,0.023913428506399,
2,2,0.07875327310496144,0.12035694757695567,0.8008897793180828,
2,2,0.20178317578691754,0.033657875362184064,0.7645589488508983,
2,2,0.0037710302988159805,0.4171848653057925,0.5790441043953914,
2,2,0.002122363223702562,8.735080812498283E-4,0.9970041286950477,
2,2,0.0014795796556589668,7.128698156597245E-4,0.9978075505286813,
2,1,0.0013120587691590687,0.5235174433842293,0.4751704978466116,
2,0,0.9268098436347011,0.028201742721618076,0.04498841364368082,
2,1,0.005540661221168107,0.9880485134912175,0.006410825287614511,
2,2,0.001308449050875347,0.01619795878091136,0.9824935921682132,
2,2,0.0017798232509383014,6.375689827743585E-4,0.9975826077662874,
2,1,0.07118007266221642,0.9094266378148009,0.019393289522982665,
2,2,0.00483325444559117,0.0019495188912098567,0.9932172266631989,
2,2,4.2510651981137273E-4,0.008486204370062802,0.9910886891101259,
2,2,0.005832755270315016,0.017827499383862664,0.9763397453458224,
2,2,0.12184602452477059,0.037491310307950436,0.840662665167279,
2,2,0.07223859705092522,5.980336853576247E-4,0.9271633692637171,
2,2,0.004027273079086707,0.024402862930291744,0.9715698639906215,
2,2,0.004720298174752943,0.005886239377191236,0.9893934624480558,
2,2,0.1660801412957029,0.008768726505922508,0.8251511321983747,
2,1,0.006494977410543033,0.8300565153124208,0.16344850727703628,
2,1,0.03727523885435972,0.9565579311214607,0.006166830024179487,
2,1,3.209566904515E-4,0.9639174019725241,0.035761641337024454,
2,2,0.0859274255691477,0.0024259093286833613,0.9116466651021691,
2,2,4.990069515890804E-4,1.7984104278382266E-4,0.999321152005627,
2,2,0.001038667457342845,0.010463896383890288,0.9884974361587668,
2,2,0.1305014285856548,0.40877247814690054,0.46072609326744474,
2,2,0.05002636963514186,9.73227726676066E-4,0.949000402638182,
2,2,0.006488750755902307,0.002462799396125291,0.9910484498479724,
2,2,8.87291590071437E-4,0.01265424199241837,0.9864584664175102,
2,0,0.7598438932280412,0.06882137694164825,0.17133472983031042,
2,2,0.016616257648432033,0.007463344805947382,0.9759203975456205,
2,2,0.13484946249141636,0.019761460020548557,0.8453890774880352,
2,1,0.0018064195665580896,0.9262123096601415,0.0719812707733004,
2,2,0.030212687253055905,0.0030879586929334225,0.9666993540540106,
2,1,3.9401334234039526E-4,0.9845394478513948,0.015066538806265007,
2,2,8.033808992937262E-4,0.15905744485501241,0.8401391742456938,
2,1,3.9097277691372354E-5,0.8538807892094363,0.14608011351287234,
2,2,7.427031824682228E-4,0.031064794709727478,0.9681925021078044,
2,0,0.9688790589167877,0.001778437245274167,0.029342503837938107,
2,0,0.927181650901291,0.004659779259814553,0.06815856983889441,
2,2,0.016073606419156644,0.004570092642022554,0.9793563009388208,
2,2,0.0038166940658918235,0.038707551681986155,0.9574757542521221,
2,2,0.18525068881979442,2.95865669348774E-4,0.8144534455108567,
2,2,0.07286344608383764,0.0015895067774497574,0.9255470471387125,
2,2,9.715700048004158E-4,0.08392193898294595,0.9151064910122536,
2,2,0.002797163773400993,0.0024792115346080126,0.9947236246919909,
2,2,0.0011489662765574575,7.988079327259104E-4,0.9980522257907165,
2,2,0.34289867725350337,0.0017805095398905047,0.6553208132066061,
2,2,0.22771102519318534,0.10154355914021676,0.670745415666598,
2,2,0.3358137442088844,0.0010428580090461148,0.6631433977820695,
2,0,0.6582672477934352,0.03578376168205724,0.3059489905245075,
2,1,0.00760161285177067,0.8794091238606865,0.1129892632875428,
2,1,4.5547385703619945E-5,0.9912739458207758,0.008680506793520674,
2,1,0.06454372152893274,0.7661736783403872,0.16928260013067992,
2,2,0.009739559067496541,0.24830606947602532,0.7419543714564781,
2,1,0.03193207740287306,0.8918189248153447,0.07624899778178199,
2,2,0.001377405730731779,0.012961864817813773,0.9856607294514544,
2,2,0.0037705702764838232,8.190283781345163E-4,0.9954104013453817,
2,2,0.0016522516758858859,0.19280681178302658,0.8055409365410874,
2,1,0.3923574586689523,0.6008051611824423,0.006837380148605293,
2,2,0.05026900290696613,0.007238867136304715,0.9424921299567293,
2,2,0.059629229252553546,0.005286407822562012,0.9350843629248845,
2,2,0.002893701947991072,0.004507102675180135,0.9925991953768287,
2,1,0.0022258025313559695,0.8581152562237719,0.13965894124487208,
2,2,2.559596427865538E-4,0.0030408914507482434,0.9967031489064652,
2,2,6.00521684377875E-4,2.477815274750975E-4,0.999151696788147,
2,2,0.0019480782923068651,0.0025323713062381727,0.9955195504014549,
2,1,5.2932778419464345E-5,0.9693147262646062,0.030632340956974268,
2,2,0.013101566011082076,0.010895539076612774,0.9760028949123052,
2,2,0.0019768912221208913,0.001856997585787143,0.996166111192092,
2,1,0.17538940264732203,0.5587424798012123,0.2658681175514657,
2,1,0.07912078863316321,0.7147257240476986,0.2061534873191382,
2,2,0.45946013244761386,0.014446350505134896,0.5260935170472513,
2,2,0.1559968947148242,0.0075208651035936136,0.8364822401815822,
2,2,0.00356098983464739,0.002672090231230189,0.9937669199341225,
2,2,0.003508725999158981,7.484530844381543E-4,0.9957428209164028,
2,2,5.824786145449358E-4,0.0028510953236599657,0.9965664260617951,
2,2,0.09068006935311024,8.860633328299568E-4,0.9084338673140598,
2,1,0.0954261433034661,0.5991260595110933,0.3054477971854405,
2,2,0.05440351006033219,0.0037759489863752296,0.9418205409532927,
2,2,0.025040798395764875,0.008332134771386189,0.9666270668328488,
2,2,3.5520833404679834E-5,4.3256772552915094E-4,0.9995319114410662,
2,0,0.6071024636781518,0.3155788763784103,0.07731865994343798,
2,2,0.03913328314482647,0.2852835712974308,0.6755831455577427,
2,0,0.8046609045898208,0.0464366668306931,0.14890242857948613,
2,2,0.0037700126844787078,0.001166881447999367,0.9950631058675219,
2,2,6.959409038614847E-4,0.009155606174367746,0.9901484529217708,
2,0,0.9264980979297485,0.028321865052300957,0.04518003701795061,
2,1,0.02006882022233626,0.6082927543402744,0.3716384254373893,
2,2,0.02786914684293241,9.99667011544704E-4,0.9711311861455229,
2,2,0.03183472987815867,0.036619431420874954,0.9315458387009664,
2,2,0.005592713288907253,0.001316762112276585,0.9930905245988162,
2,2,0.0026204823296532113,3.8073477372357005E-4,0.9969987828966232,
2,0,0.6011165973582121,0.09693919169374525,0.3019442109480427,
2,2,0.0031003922672854212,0.014822208788826481,0.9820773989438881,
2,1,0.34096571100884987,0.34151413061620867,0.31752015837494146,
2,0,0.6507780264038471,0.06366333427757304,0.2855586393185798,
2,2,0.006952940627763152,0.0898910209878681,0.9031560383843688,
2,2,2.896674825718381E-4,0.1384467639231208,0.8612635685943073,
2,2,2.353239163799931E-4,0.00967873019413067,0.9900859458894893,
2,2,0.014588191900958624,0.02979774386111515,0.9556140642379262,
2,2,0.03954353751523713,0.0798013993877312,0.8806550630970317,
2,2,0.19698182692322616,0.0036222645326445375,0.7993959085441293,
2,0,0.9427178508696392,2.4042440381050854E-5,0.057258106689979674,
2,0,0.8675072377468739,3.67577968333523E-5,0.1324560044562927,
2,2,0.003955409214420696,7.484314329370323E-4,0.9952961593526423,
2,2,0.0214285476943811,0.3243772842121088,0.6541941680935102,
2,0,0.7875886825629906,0.02172179606883457,0.19068952136817488,
2,2,0.07042754511935297,0.11307990422947037,0.8164925506511767,
2,2,0.032178118609929064,0.021063824417538807,0.9467580569725321,
2,2,0.0015704993660391527,0.00572835034659529,0.9927011502873656,
2,2,0.013776204121032113,0.035273915870616776,0.9509498800083511,
2,1,2.4593842377000955E-4,0.6319942669799787,0.36775979459625124,
2,1,0.08875495554515048,0.4904253518459288,0.4208196926089206,
2,2,0.016397754704254728,0.014855986804490491,0.9687462584912548,
2,0,0.6508376480086974,0.15624596771033705,0.19291638428096566,
2,2,4.7644324801146895E-4,0.0011358634880254122,0.998387693263963,
2,0,0.7845084605433464,0.21271797241874427,0.0027735670379091873,
2,2,3.2508383826598315E-4,0.007042125587663119,0.992632790574071,
2,1,0.07122277626561455,0.6884853452182508,0.24029187851613468,
2,2,0.016618651288861454,0.0029513820148246205,0.9804299666963139,
2,2,0.06718495123673572,0.35072718851188,0.5820878602513844,
2,2,0.007549503098389241,0.021623440124772818,0.9708270567768379,
2,2,0.0022408828054983117,0.002424738439312699,0.9953343787551889,
2,1,0.010095091938944045,0.8292077355005903,0.16069717256046565,
2,2,0.11022400866679971,0.43136732216974155,0.4584086691634588,
2,2,0.41616724163637897,0.00645005977775619,0.5773826985858649,
2,2,0.026411754322713615,0.0029425477013088792,0.9706456979759774,
2,1,0.10762988450722565,0.7128581760432305,0.1795119394495437,
2,1,0.2295139544589466,0.5886659347463856,0.1818201107946678,
2,1,0.012103737286519915,0.7390062586197191,0.24889000409376102,
2,2,0.1902528728861666,0.40123155544052036,0.408515571673313,
2,2,0.14272011481940305,0.013592812697449467,0.8436870724831474,
2,2,7.514562829073519E-4,0.016124917064121464,0.9831236266529711,
2,2,0.15710800685532827,3.7989440304471824E-4,0.8425120987416269,
2,2,1.3594881990155428E-4,0.03042233349341397,0.9694417176866845,
2,0,0.5631516888314022,0.0029226131951187624,0.4339256979734791,
2,0,0.6302921084191606,0.08672944968771591,0.28297844189312343,
2,2,0.014616168751746131,6.555002491524644E-4,0.9847283309991014,
2,2,0.04760013791644923,0.4103035278759602,0.5420963342075906,
2,0,0.9970251187699244,9.307071661334294E-5,0.0028818105134623966,
2,1,1.8932343232473854E-4,0.9895887023511915,0.010221974216483671,
2,2,4.251103062671326E-4,0.0016304408040686694,0.997944448889664,
2,1,0.07405201602112776,0.9159083610569432,0.010039622921929187,
2,1,0.0065046298749913065,0.9061842990543463,0.0873110710706623,
2,1,0.006287757742210227,0.851358952060574,0.1423532901972159,
2,2,0.056331355610511245,0.14884124755785563,0.7948273968316332,
2,2,0.006138500436023368,0.006937361794621348,0.9869241377693554,
2,2,0.3776192548817835,0.02753708737508777,0.5948436577431288,
2,1,0.3292019064689951,0.6039022136940978,0.06689587983690727,
2,1,0.010434576947161605,0.803244948813026,0.18632047423981235,
2,2,0.10196062278595946,0.1746097491334983,0.7234296280805422,
2,2,0.17597491178807548,0.0019438591476271712,0.8220812290642973,
2,2,3.9548273040214855E-4,0.006755696270306577,0.9928488209992912,
2,2,0.0883101031891744,0.02124129366844484,0.8904486031423807,
2,0,0.7555696487477717,0.0022844220536469653,0.24214592919858136,
2,2,0.015399395845218185,0.012230621347671146,0.9723699828071107,
2,2,0.013605862623477983,0.024767031267253017,0.961627106109269,
2,2,0.2847629225816512,0.18945348480259167,0.5257835926157571,
2,2,0.0036731964200898836,0.028485561052171836,0.9678412425277383,
2,2,9.637873801742991E-4,0.0017006360062835494,0.9973355766135421,
2,2,0.04535616123474563,0.3012923638220298,0.6533514749432245,
2,2,0.0251682907379419,0.0016804075038291306,0.9731513017582291,
2,2,9.018795040187037E-4,5.523987636144399E-4,0.9985457217323668,
2,2,0.004504971815823269,0.2739810005357219,0.7215140276484547,
2,2,0.002702787547682572,0.0220801900118822,0.9752170224404353,
2,2,0.0030516144422126036,0.006409239319360538,0.9905391462384268,
2,2,0.014527744260807218,0.016398014021354677,0.9690742417178381,
2,2,1.7688881459325135E-4,2.665587972957872E-4,0.999556552388111,
2,2,0.0022594273073342076,2.937054199790339E-4,0.9974468672726868,
2,2,1.897974110927584E-4,0.0018875779507473208,0.9979226246381598,
2,2,0.002005605202187631,8.15373120647685E-4,0.9971790216771647,
2,0,0.6497801623718131,0.005626823593802627,0.34459301403438436,
2,0,0.7764025805431588,0.015449665529747655,0.20814775392709356,
2,2,0.0037225140528924405,0.0014177070677292528,0.9948597788793784,
2,2,0.1650995640455332,0.0228174547246795,0.8120829812297873,
2,2,2.424413984606156E-4,0.453763924508246,0.5459936340932934,
2,2,0.030499842289485303,0.10353541019402274,0.865964747516492,
2,1,0.0037330837906240605,0.9522238695971009,0.044043046612274865,
2,2,0.11976784962121217,0.013220679524619198,0.8670114708541686,
2,2,2.3089003037635945E-4,0.020463733739654995,0.9793053762299687,
2,2,7.02386901501228E-5,3.9771624261262926E-4,0.9995320450672371,
2,2,0.18526791321482478,0.003319349949544512,0.8114127368356308,
2,1,0.08886501867740773,0.7355912680464022,0.17554371327619006,
2,2,4.8658964272048783E-4,0.03807709933495684,0.9614363110223227,
2,2,8.109520416364428E-5,0.00903155718864635,0.99088734760719,
2,1,3.142355341612153E-4,0.8841771199490754,0.11550864451676335,
2,2,0.0019367846872426033,0.013098255072642074,0.9849649602401153,
2,2,0.21161991462686786,0.3808941723543024,0.40748591301882975,
2,2,0.006883764370179011,0.03901397982173439,0.9541022558080866,
2,2,0.08800991739609912,0.13512811739894423,0.7768619652049565,
2,2,0.14549746449481016,0.04060260423927165,0.8138999312659183,
2,2,0.002318714587370127,9.66017859030256E-4,0.9967152675535997,
2,2,3.9161930764085415E-4,3.8049741443793697E-4,0.9992278832779213,
2,1,0.01888815728565329,0.5908869846999351,0.39022485801441165,
2,2,8.725053644861693E-5,0.021816440039272356,0.9780963094242789,
2,1,0.002381068638837957,0.9637882392297286,0.033830692131433346,
2,2,0.0026611449848877844,0.20445723062700358,0.7928816243881086,
2,1,0.009038181008352101,0.5157970029063277,0.4751648160853201,
2,2,0.07433195183742766,6.657153747051367E-4,0.9250023327878673,
2,0,0.7671547084727196,0.014893008988605632,0.2179522825386748,
2,2,0.004664064430956993,8.419426313510947E-5,0.9952517413059079,
2,0,0.6956925967639345,0.03612083538118248,0.26818656785488304,
2,2,3.479504922156845E-4,0.01722716884561541,0.9824248806621689,
2,2,2.226226933550304E-4,0.001529006216877357,0.9982483710897675,
2,2,0.031139957210389584,7.751845906252514E-4,0.968084858198985,
2,2,0.21986835188969897,0.056537033966486364,0.7235946141438147,
2,1,0.002615802460927886,0.8555305497311047,0.14185364780796764,
2,2,0.012603929336383215,0.29042890469685484,0.6969671659667619,
2,2,0.005518952194593196,0.02307869741527555,0.9714023503901312,
2,2,0.014616250050028238,0.007915691793411873,0.9774680581565599,
2,1,0.0038177758310756105,0.945690496642582,0.0504917275263424,
2,1,0.07610147503365632,0.5008385171446765,0.42306000782166703,
2,0,0.8615437230506016,0.012337961828864723,0.12611831512053362,
2,2,0.001065257228093226,0.024783366516993567,0.9741513762549131,
2,1,0.05836572752806848,0.6835665887629273,0.25806768370900424,
2,2,0.4708105867236233,2.92779998650386E-4,0.5288966332777263,
2,2,0.03758752167075416,0.08360157101599319,0.8788109073132526,
2,0,0.990941537111114,2.519964391711143E-4,0.008806466449714773,
2,2,1.3517109504653521E-4,4.020165918251821E-5,0.9998246272457709,
2,1,1.9231997208951962E-4,0.5961950568796276,0.4036126231482829,
2,2,0.12755848191543756,0.08022260965994238,0.79221890842462,
2,2,0.1073998430598685,0.16900814051747817,0.7235920164226534,
2,2,0.03358304317788874,0.0015132326369400974,0.9649037241851712,
2,1,0.11957146320508513,0.8273957704535879,0.05303276634132695,
2,1,0.005862640874645748,0.5949370728045094,0.39920028632084487,
2,2,0.017150963170748604,0.28628265139710335,0.696566385432148,
2,1,0.006846223518445938,0.8677387341684154,0.12541504231313857,
2,2,0.01418225942370557,0.2151997787848982,0.7706179617913963,
2,0,0.7551658675870385,0.006621158185369413,0.238212974227592,
2,0,0.854295244623607,0.021901201043093923,0.1238035543332992,
2,2,0.10772068573380121,0.004991804581964011,0.8872875096842348,
2,0,0.7481107382531053,0.0015250251161077963,0.25036423663078694,
2,2,0.2934993599500678,0.1304434651025577,0.5760571749473745,
2,0,0.883357032158756,0.003859295270477137,0.11278367257076674,
2,2,0.0023479465172806403,0.0038517431716802333,0.9938003103110392,
2,2,0.0012373957573163221,0.004646534370580042,0.9941160698721037,
2,2,0.001020455360424048,0.0027424554344954825,0.9962370892050805,
2,2,0.0014459974235395512,0.0022264407519922472,0.9963275618244682,
2,2,0.21967462815486102,0.025317484358544952,0.755007887486594,
2,0,0.6190055340904194,9.125455160685369E-4,0.38008192039351213,
2,2,0.001116531405068406,0.005678885684256693,0.9932045829106749,
2,0,0.925833707987256,0.02206419630237494,0.05210209571036913,
2,2,0.21807930894068922,0.0043586034376257195,0.7775620876216851,
2,2,0.007967064242276108,0.2721788558548399,0.719854079902884,
2,1,0.04163722049262471,0.6542300335001041,0.30413274600727114,
2,2,8.487067459761078E-4,6.863936709856359E-4,0.9984648995830383,
2,2,0.010855936065228345,0.004725938650087849,0.9844181252846839,
2,2,0.0010821809553053345,0.0011007994260575729,0.9978170196186371,
2,1,0.0018644649362129237,0.9904067984307849,0.007728736633002057,
2,2,0.06071544905271603,0.03659005844677983,0.9026944925005043,
2,2,0.09834887288409669,0.004011707102453864,0.8976394200134494,
2,2,0.1095109415025849,0.07922433759811973,0.8112647208992955,
2,1,0.0029938615651109416,0.7738221869633978,0.22318395147149125,
2,1,0.0037420085714249276,0.7590309743821586,0.23722701704641652,
2,2,0.004079178942981095,0.0010047385705068742,0.9949160824865121,
2,2,0.002654324191369108,0.012775497473610174,0.9845701783350208,
2,2,4.212639310569498E-4,0.008743414391472202,0.9908353216774708,
2,1,0.036452002756930696,0.9156413419983652,0.047906655244703944,
2,0,0.5967811055064409,0.03847406265721019,0.36474483183634887,
2,2,0.005903837831441379,0.004916370877439773,0.9891797912911189,
2,2,0.2741343151568643,0.03227720164386786,0.6935884831992678,
2,0,0.7157659850335671,0.06100597870458863,0.22322803626184426,
2,2,0.0036122902626256515,0.0052670873698581954,0.9911206223675162,
2,2,1.6930773346627925E-4,0.35571856256644907,0.6441121297000847,
2,0,0.43658203866759226,0.31950138334100325,0.24391657799140468,
2,2,9.38178071797171E-4,0.31032568932481114,0.6887361326033917,
2,2,0.13715389544669362,0.014440226362654927,0.8484058781906515,
2,2,3.4030381582454537E-4,0.002006972022170027,0.9976527241620053,
2,2,0.06248604363029399,0.008216039715674764,0.9292979166540313,
2,2,0.2023834331836308,0.004086532793656716,0.7935300340227124,
2,2,0.0014268305471646571,0.06991114831633889,0.9286620211364964,
2,1,0.24341844701463988,0.46312098573922916,0.29346056724613107,
2,2,3.4977737186014295E-4,0.048303166555786606,0.9513470560723531,
2,2,0.04047051069479995,0.19566269080376028,0.7638667985014398,
2,2,0.2847095970903355,0.09412261903930759,0.6211677838703569,
2,2,0.09525791867840193,0.005628800913691086,0.899113280407907,
2,0,0.5742575216841398,8.866254647473688E-5,0.4256538157693854,
2,2,0.0063979987514929185,0.023192990091956127,0.9704090111565509,
2,2,0.08780142784198451,0.42425137168056243,0.48794720047745294,
2,2,3.805991190801357E-4,0.04320376459196972,0.9564156362889501,
2,1,0.0010051261474600247,0.8646970897667509,0.13429778408578907,
2,2,0.47408819059538443,0.002116184829313979,0.5237956245753016,
2,0,0.7336938154019936,0.2394625924704631,0.026843592127543198,
2,2,4.144868473278693E-4,0.0027866404973975857,0.9967988726552746,
2,2,0.04457187312348183,0.0025838952457977976,0.9528442316307203,
2,2,0.034097395257587634,0.031309347750380835,0.9345932569920314,
2,2,0.003223867901418611,0.02943673875250061,0.9673393933460807,
2,2,0.011245210417790997,0.01185884905266427,0.9768959405295448,
2,1,2.3095795343651047E-4,0.9929706142328463,0.0067984278137170635,
2,2,0.26170474097125557,0.0692985802004232,0.6689966788283213,
2,2,5.054371297984575E-4,1.3870922909978023E-4,0.9993558536411018,
2,2,0.005936802005884533,0.0030681865199109,0.9909950114742045,
2,2,0.0015078028490856541,0.01546763257299034,0.9830245645779241,
2,2,0.010660627386555517,0.019405759055346205,0.9699336135580984,
2,2,0.010660627386555517,0.019405759055346205,0.9699336135580984,
2,2,0.1928618761540647,0.00565486418911339,0.801483259656822,
2,2,0.004128565974070129,0.16344838429733943,0.8324230497285905,
2,2,0.0010062240143501053,0.00261637988278238,0.9963773961028676,
2,2,0.07954319933714116,5.762744082332221E-4,0.9198805262546257,
2,2,4.049357829799575E-4,2.862713510398157E-4,0.9993087928659803,
2,2,2.586592286282643E-4,0.027472275099992588,0.9722690656713792,
2,2,0.0037548780968926585,2.90273004996249E-4,0.9959548488981111,
2,0,0.9349915623581031,1.0824335395666822E-4,0.06490019428794018,
2,1,0.002064555635229521,0.6113252860258868,0.3866101583388837,
2,2,0.0034891038066064595,4.2317898451844395E-4,0.996087717208875,
2,0,0.9602198425327958,0.01789980083486235,0.021880356632341794,
2,2,8.127956677028051E-4,0.01225647303819586,0.9869307312941012,
2,2,0.0013766444414610721,3.118964427498216E-4,0.9983114591157891,
2,2,0.01958459932144929,0.07553796910087265,0.9048774315776781,
2,2,0.014543052480378241,0.004107210516879461,0.9813497370027423,
2,1,8.261076123895669E-5,0.7727293776385138,0.22718801160024724,
2,2,0.002424066993506871,0.03279354819050246,0.9647823848159907,
2,2,0.007622047153477891,0.04586579875262584,0.9465121540938963,
2,2,0.2129921341752048,0.00833608306328528,0.77867178276151,
2,2,3.850133499145912E-4,0.0586026455961829,0.9410123410539024,
2,2,0.006012966452416571,0.01581097106112531,0.978176062486458,
2,2,0.00517473438753407,0.005011099300265763,0.9898141663122002,
2,2,0.004372419954006313,0.1067382118825305,0.8888893681634632,
2,1,0.4265880923102046,0.5595645389609347,0.013847368728860693,
2,0,0.602839729400598,0.37154430954345224,0.025615961055949647,
2,2,0.01058170235073406,0.0060088405065575725,0.9834094571427083,
2,2,0.34931869808757865,0.17625966682110197,0.47442163509131924,
2,0,0.5914213189061556,0.046165126946562246,0.36241355414728216,
2,2,8.959955674831914E-4,0.0011881231008557726,0.997915881331661,
2,2,0.03758343786311925,0.02062734936907971,0.941789212767801,
2,2,0.02325987522397915,0.0014441556922493185,0.9752959690837715,
2,2,0.011740364242550962,0.03231298186424185,0.9559466538932073,
2,2,0.030050189342205543,0.025911184782266443,0.9440386258755279,
2,1,0.3753460864824723,0.6178953233571362,0.0067585901603915725,
2,2,0.15493514216148072,0.18676626515107217,0.6582985926874471,
2,1,0.17273342442380993,0.4754133593469602,0.3518532162292298,
2,1,0.023372259771838325,0.970852508150929,0.005775232077232685,
2,2,0.037361456039032785,0.33565036202799176,0.6269881819329755,
2,2,7.741468031392646E-4,0.004986957720363158,0.9942388954764975,
2,2,2.612834301583919E-4,8.447803269044945E-5,0.9996542385371512,
2,0,0.7676893411795881,0.0011804284511149738,0.2311302303692969,
2,2,0.005107035259387948,0.4519461041485822,0.5429468605920298,
2,2,0.013816907189737429,0.06312657543817977,0.9230565173720828,
2,0,0.9516146299779178,0.0473126423359406,0.0010727276861417332,
2,2,0.01204164270773109,0.013854820023844262,0.9741035372684247,
2,2,0.008434577237891408,0.008186859075935207,0.9833785636861735,
2,1,0.07207761045178873,0.8909081031541387,0.03701428639407246,
2,0,0.569763885796922,0.16078251854125675,0.2694535956618212,
2,2,0.1197845739730031,0.08014657569809171,0.8000688503289052,
2,2,0.0067989417536097356,0.026797355621357977,0.9664037026250323,
2,2,0.003080588316644414,0.3795872287603411,0.6173321829230144,
2,1,0.06442184768636987,0.91393919046192,0.021638961851710298,
2,2,0.005051570248423071,0.003147190375889699,0.9918012393756872,
2,1,0.06836597752482547,0.926569128273713,0.005064894201461544,
2,1,0.017280081209935103,0.8251529058567925,0.15756701293327235,
2,2,0.07218800996970554,0.0449373358584986,0.8828746541717959,
2,2,3.9401203526959655E-4,5.457354267643655E-5,0.9995514144220539,
2,2,0.17861096116798605,0.24177700600313487,0.5796120328288791,
2,0,0.8354937834850992,0.0264748131990167,0.13803140331588415,
2,2,0.017516169849492554,0.3951525751668271,0.5873312549836803,
2,1,2.794386101108821E-4,0.7247686552098025,0.2749519061800866,
2,2,0.04165209341571999,0.001428889750067174,0.956919016834213,
2,2,0.0020994482223338625,8.201291589797261E-4,0.9970804226186865,
2,2,6.695855010939362E-4,0.455278956044516,0.5440514584543901,
2,2,0.012228142740652564,0.0014488445778269906,0.9863230126815203,
2,2,0.0010551772569708739,0.011912956836557803,0.9870318659064713,
2,2,0.0065851137249335395,0.016121145380487426,0.9772937408945791,
2,2,0.014767039865974158,0.007461611557640076,0.9777713485763857,
2,2,4.5895835127006195E-4,0.07022536667614243,0.9293156749725876,
2,2,0.1296949159778857,0.2525529021562313,0.617752181865883,
2,2,0.1485249435572367,0.04609224917475043,0.8053828072680129,
2,2,0.29436590253251593,0.03928048343013338,0.6663536140373506,
2,2,0.00935858722751827,0.0037770813191433123,0.9868643314533384,
2,2,0.047427432080007915,0.05541571982432271,0.8971568480956693,
2,2,0.0768944406651951,0.004098671515667875,0.919006887819137,
2,1,0.047461384851779136,0.6633218724430616,0.2892167427051591,
2,2,7.814979294320376E-5,0.002051665459620588,0.9978701847474362,
2,2,0.001266483281117113,0.004268105809343606,0.9944654109095392,
2,2,0.41171373507192227,0.003100257357449096,0.5851860075706287,
2,2,1.4883037057269205E-4,0.0025518844798299747,0.9972992851495973,
2,0,0.9605678042400645,0.007929058810331643,0.03150313694960393,
2,1,0.026377359464954793,0.6875797738600352,0.28604286667500983,
2,1,0.03977499677152474,0.6600732031807435,0.30015180004773173,
2,1,0.024756738912869083,0.6266670132670394,0.3485762478200914,
2,2,2.5737619185388794E-4,0.011789363812353525,0.9879532599957925,
2,2,6.113637968252427E-4,0.06231187729273156,0.9370767589104432,
2,0,0.5038313335753316,5.990903959056599E-4,0.49556957602876267,
2,2,0.006097764809725325,0.0031760761165972513,0.9907261590736774,
2,2,0.0012879613859073111,0.021084680103426838,0.977627358510666,
2,0,0.7449097053344625,3.1633853906185835E-4,0.2547739561264755,
2,2,6.972513180070898E-4,0.00413554462204379,0.9951672040599491,
2,0,0.826480844596032,0.08101710736010703,0.09250204804386111,
2,0,0.9628704190087182,0.001069824907382427,0.036059756083899386,
2,2,0.001396737025918172,0.05564287348966403,0.9429603894844178,
2,1,0.00403284248837753,0.9140592794452318,0.08190787806639083,
2,2,5.916569303016321E-4,3.1273406979281346E-4,0.9990956089999056,
2,2,0.13143299370036224,0.002616442026119748,0.8659505642735179,
2,0,0.5756879768138227,0.023510331206311172,0.4008016919798662,
2,2,0.027633034845415225,0.2530982519540515,0.7192687132005332,
2,2,0.002515556441494794,0.005325778068408567,0.9921586654900967,
2,2,0.02056167969992368,0.23474501738388592,0.7446933029161904,
2,2,0.03816390878946538,0.00510469422449675,0.9567313969860378,
2,2,0.0020401531836767898,0.002277176946708917,0.9956826698696143,
2,2,0.07825548454337462,0.060420491261680906,0.8613240241949446,
2,2,0.21349070967980607,0.005104682748289982,0.7814046075719039,
2,0,0.627700924042486,0.0369643053804349,0.3353347705770791,
2,2,1.1418631549382526E-4,0.007080456421951456,0.9928053572625547,
2,2,0.1505598248108589,0.004259424371560262,0.8451807508175809,
2,1,0.02341378629312834,0.8417012973473936,0.13488491635947805,
2,1,0.10768896484674606,0.7772692983024739,0.11504173685078,
2,2,0.0015063140667043728,0.11282855551134988,0.8856651304219457,
2,0,0.6375025115247637,0.03970431703935864,0.32279317143587777,
2,2,0.00271145976571301,0.18735251887599474,0.8099360213582922,
2,2,5.265525171759826E-4,0.037528932680333346,0.9619445148024905,
2,1,0.0033595542011505193,0.5578487745514201,0.4387916712474294,
2,2,0.012174997955804494,0.008375011557342606,0.979449990486853,
2,2,0.013533240555989597,0.009194174175537998,0.9772725852684725,
2,2,0.037811036365725685,0.02745532800891126,0.934733635625363,
2,1,0.045696376044315166,0.8297091609327621,0.12459446302292271,
2,2,0.2928247893029344,0.15349388281366916,0.5536813278833964,
2,2,5.204530916271854E-4,9.648937784544882E-4,0.9985146531299184,
2,2,6.156237398902063E-4,0.007205558404829821,0.9921788178552801,
2,1,0.02852268281396549,0.6804750369671386,0.291002280218896,
2,2,0.0015132100729852505,0.0013481529098713406,0.9971386370171434,
2,0,0.40169858215112836,0.23156077528053093,0.3667406425683407,
2,0,0.9939164572539203,0.0018366545152399738,0.004246888230839695,
2,0,0.9401400328973689,0.00746828338589033,0.05239168371674059,
2,2,0.01673969768742101,0.38432488950798094,0.598935412804598,
2,2,2.475457384679465E-4,0.003828607169802401,0.9959238470917297,
2,2,0.03264126333932077,0.1784656035223628,0.7888931331383164,
2,1,0.030491565171728508,0.9347661520679618,0.03474228276030987,
2,1,0.3657358608718714,0.5492398562007427,0.08502428292738592,
2,2,0.214489308882959,0.006821200640858083,0.7786894904761829,
2,2,0.007013879335471766,0.14052394119250086,0.8524621794720274,
2,2,0.11487774439859871,0.03135543392202103,0.8537668216793801,
2,0,0.39598030925766403,0.24093152025021466,0.3630881704921213,
2,2,0.029252460867262242,0.005597969926713052,0.9651495692060246,
2,1,0.044432107735658116,0.7323147885029563,0.22325310376138557,
2,2,6.305801185413709E-4,0.0033137504707547467,0.9960556694107039,
2,2,0.09359752171023085,0.12266733692750365,0.7837351413622654,
2,2,0.0012919000069853339,0.002409895677698692,0.996298204315316,
2,2,0.016676183877525234,0.024772151589292312,0.9585516645331825,
2,2,0.010256718121106016,0.08886067390357322,0.9008826079753207,
2,2,0.258951911136566,0.012255731006759871,0.728792357856674,
2,2,0.2593644187775958,0.005670569624328862,0.7349650115980753,
2,2,3.0214193418779946E-4,0.2053475501450686,0.7943503079207435,
2,2,0.0027672094543670176,0.3915607538546787,0.6056720366909543,
2,2,0.05305538483489359,0.005618577111197164,0.9413260380539092,
2,2,0.046332579599023566,0.0012707266050531877,0.9523966937959233,
2,0,0.4991536169900937,0.0016917785338213137,0.49915460447608495,
2,2,0.0012202795815405114,0.0019858181210864736,0.9967939022973731,
2,2,0.00483620401129145,0.4100823613804638,0.5850814346082447,
2,1,0.08499118333709736,0.6681499785684317,0.2468588380944708,
2,2,0.015433060420925229,5.085543129588256E-4,0.984058385266116,
2,2,0.09299733291711625,0.11441420044850104,0.7925884666343828,
2,2,0.0020105731415615874,0.08526417398967756,0.9127252528687609,
2,2,0.0011568407837335326,0.1374073613744803,0.8614357978417861,
2,1,0.005379878207602021,0.875251037162744,0.11936908462965394,
2,2,0.08134656385177666,0.001513854616278089,0.9171395815319452,
2,2,0.04528279623684518,0.045583895200001584,0.9091333085631533,
2,2,0.0013791734677002885,0.31761101122489793,0.6810098153074018,
2,2,8.487089416061943E-4,0.0020632508476207414,0.9970880402107731,
2,0,0.9230321492158949,0.0424955682734426,0.034472282510662526,
2,0,0.7615219175454073,0.23085688057419737,0.007621201880395253,
2,2,0.001125187189974521,0.022264815432938297,0.9766099973770872,
2,1,0.01247986742798264,0.7446207582160616,0.24289937435595577,
2,1,0.09010630681279526,0.894011083461793,0.01588260972541176,
2,1,0.0016092408139030665,0.5863456452485616,0.41204511393753546,
2,1,0.16909383738597544,0.7046684809424726,0.1262376816715521,
2,2,0.010533567278606501,0.08387828342943404,0.9055881492919594,
2,1,0.4280750925479463,0.5183744340766802,0.053550473375373525,
2,2,0.13341155891776896,0.003620193357068966,0.862968247725162,
2,2,0.017688417784269928,0.3053992244265708,0.6769123577891593,
2,2,0.0030088184311701655,0.030934544041458744,0.966056637527371,
2,1,0.04102840570094042,0.9035606919090376,0.05541090239002186,
2,2,0.018832400235693207,0.0034844003370119274,0.9776831994272949,
2,2,0.007159437495098632,0.2402944284780147,0.7525461340268866,
2,2,0.10503469125885234,0.017495685910881166,0.8774696228302664,
2,2,0.03104131629495647,0.01140974783571875,0.9575489358693248,
2,2,0.0015102988148562716,0.011234314630998067,0.9872553865541458,
2,2,0.04096743673391254,0.103375566261809,0.8556569970042784,
2,2,3.0075935055792313E-4,0.08636244164705494,0.9133367990023872,
2,1,0.026341068260319723,0.9071227962443723,0.06653613549530793,
2,1,0.004933843690395122,0.7258340472696537,0.26923210903995115,
2,2,7.251340868804841E-5,9.366797657233078E-4,0.9989908068255885,
2,2,0.04336615105386136,0.029408269270391495,0.9272255796757473,
2,1,0.003195822774531993,0.9585804237984977,0.03822375342697023,
2,2,0.06582125215212943,0.4669246955144469,0.46725405233342365,
2,2,0.2021815821428811,0.35684500681933046,0.4409734110377883,
2,2,9.527017032569442E-4,2.238659534636396E-4,0.9988234323432794,
2,1,0.4350062034012211,0.558734090145501,0.006259706453277967,
2,2,1.4658416008493975E-4,6.130594396818255E-4,0.9992403564002332,
2,2,4.5420725917891215E-4,0.006113028953200366,0.9934327637876207,
2,2,0.0787026210887408,0.005752930448500892,0.9155444484627582,
2,1,0.05674733164519474,0.8991792162959638,0.04407345205884148,
2,2,0.41984781358735546,0.04084993542578314,0.5393022509868614,
2,2,0.017835989697104614,0.451913839672593,0.5302501706303023,
2,2,0.01976920325989316,0.004232858121339319,0.9759979386187675,
2,0,0.9159910853006517,0.04408286412268429,0.03992605057666417,
2,2,0.3043135455918945,0.0047392616154545335,0.690947192792651,
2,1,0.029111074975700528,0.5730887220939642,0.3978002029303353,
2,2,0.0024266706250070367,0.15888834121004092,0.8386849881649521,
2,2,0.056471570540911224,0.01694457431634015,0.9265838551427488,
2,1,0.006138069261747583,0.9906363084495797,0.003225622288672601,
2,2,7.409624481533989E-4,9.319616044721006E-4,0.9983270759473745,
2,2,0.0033209155718722156,0.4108060612811061,0.5858730231470218,
2,2,0.005843488821137641,0.16969672946537914,0.8244597817134831,
2,2,0.3104845509507544,0.01313675967776283,0.6763786893714827,
2,2,0.23060248440183007,0.0017516724006235,0.7676458431975465,
2,2,0.02001042331594164,0.0032887061000378115,0.9767008705840206,
2,1,0.07235435810690298,0.818036826178939,0.10960881571415797,
2,2,3.409449086869356E-4,0.004011110814661369,0.9956479442766516,
2,1,0.0015915835798258054,0.5263085302539534,0.4720998861662207,
2,2,0.003963052316739197,0.0027943522196015847,0.9932425954636592,
2,1,1.7163768938138172E-4,0.9898422498962729,0.009986112414345825,
2,2,0.010014025943574029,0.07806121610287385,0.9119247579535521,
2,2,0.2040812356338155,0.10247634115887215,0.6934424232073123,
2,2,0.23071169913968192,1.7867493207260684E-4,0.7691096259282454,
2,0,0.9510779011818955,0.02237767559010857,0.026544423227995866,
2,2,0.05461486222900122,0.4697983280919764,0.4755868096790223,
2,2,0.001023667218390789,7.074903141963671E-4,0.9982688424674128,
2,2,0.01347165505736378,0.17387260534034246,0.8126557396022939,
2,2,0.05934154534886634,4.653305888865241E-4,0.9401931240622472,
2,2,0.13534878607114037,9.759851816847948E-4,0.863675228747175,
2,2,0.1787276789077779,0.1723680715073978,0.6489042495848243,
2,1,0.07790893304635496,0.7294319217799488,0.19265914517369626,
2,2,0.07099620599196853,0.03066140746697988,0.8983423865410515,
2,1,0.013233171085321542,0.9505859736620446,0.036180855252633766,
2,2,0.0012385889414105729,0.18900278112300176,0.8097586299355877,
2,2,0.024409950690194696,0.025984677304155716,0.9496053720056497,
2,1,7.897700487742946E-5,0.8464883712676272,0.15343265172749534,
2,2,0.28994921624188963,0.0038989930933642047,0.7061517906647461,
2,2,0.2623249276127224,3.333617454170971E-4,0.7373417106418605,
2,1,0.06242578889613208,0.8596890947022384,0.07788511640162962,
2,2,3.748080044964323E-4,0.002586785310703146,0.9970384066848005,
2,1,0.008956240750623436,0.79703382164262,0.19400993760675658,
2,2,0.0024082198628192536,0.0020058085963722216,0.9955859715408084,
2,2,0.007961018354768075,0.005054514237985992,0.986984467407246,
2,2,0.05292939915472232,0.01785711656902609,0.9292134842762515,
2,2,0.023942252817766643,1.0626639412959765E-4,0.9759514807881038,
2,2,0.10056243140996893,0.09280913130315555,0.8066284372868755,
2,2,0.006543234055220418,0.4438501577742392,0.5496066081705404,
2,2,0.001797385502458778,0.02551776091810197,0.9726848535794392,
2,2,0.028078348961736527,0.2911361177977994,0.6807855332404641,
2,2,0.002811371576176858,0.016978263513869704,0.9802103649099534,
2,2,0.005726282621794952,0.008551795324492715,0.9857219220537123,
2,2,0.0571762448791337,0.008441150517972932,0.9343826046028934,
2,2,0.052240569181679235,0.01425655862778545,0.9335028721905353,
2,2,5.160050211060224E-4,0.07272445109702305,0.926759543881871,
2,2,0.40442540715414527,0.13092287835212504,0.4646517144937298,
2,2,0.23047966892934899,0.07385480402968218,0.695665527040969,
2,2,0.011176286965643554,0.020697574296876558,0.96812613873748,
2,2,1.5783065181720218E-4,0.0012318801173957792,0.9986102892307871,
2,2,2.2406118102997317E-4,5.864813502011897E-4,0.999189457468769,
2,2,0.0014090972739118858,0.24221847404123711,0.756372428684851,
2,0,0.8754544243183687,0.004745339295058486,0.11980023638657288,
2,0,0.7886513238406812,0.007479015963451074,0.20386966019586783,
2,1,0.006362960155533635,0.9773756119423975,0.016261427902068824,
2,2,0.0019424483463939058,0.33672109618900337,0.6613364554646027,
2,2,0.04803263548585732,0.00823028789330528,0.9437370766208373,
2,1,9.251089034429972E-4,0.9700923054509772,0.02898258564557974,
2,2,0.2383205216072269,0.005292453773509162,0.756387024619264,
2,2,0.050694085693473175,0.0026333770688069247,0.9466725372377199,
2,2,0.026458786170003877,0.014459460673326836,0.9590817531566692,
2,2,0.25369457040454335,0.11726861525851337,0.6290368143369433,
2,2,0.0983029128864028,0.008303052181454856,0.8933940349321423,
2,2,0.0023907763777318135,0.04090740544315086,0.9567018181791173,
2,2,1.0278186712693957E-4,0.006997857291711509,0.9928993608411615,
2,2,0.06755054956016984,7.597413749356617E-4,0.9316897090648946,
2,2,0.005348733914959375,0.002622258680319827,0.9920290074047208,
2,2,0.16568999094029865,0.014668247522916955,0.8196417615367845,
2,1,0.31908130522731026,0.34644172682118596,0.3344769679515038,
2,0,0.5549106753710468,0.07620593572667954,0.3688833889022738,
2,2,1.2832385101991883E-4,0.012290334905574365,0.9875813412434057,
2,2,0.018280385315989897,0.4724603113073164,0.5092593033766936,
2,0,0.5967504828896979,0.0010743162316584438,0.4021752008786436,
2,1,3.3491593770321003E-4,0.6706778286592443,0.32898725540305246,
2,0,0.7612495868571676,0.06500627244946634,0.17374414069336605,
2,2,0.3549514733609176,0.12683538684872403,0.5182131397903583,
2,2,9.362172782531831E-4,0.03878348843380482,0.9602802942879419,
2,1,0.1623781224578521,0.6842008961912633,0.15342098135088458,
2,2,0.19946451365346063,0.3509249338212194,0.4496105525253199,
2,0,0.9991223572417828,2.9881158328571867E-4,5.788311749315565E-4,
2,2,0.10962750043058679,0.009633947471062125,0.8807385520983511,
2,0,0.6190288312810234,0.32112722777819974,0.05984394094077687,
2,2,0.002257782042396691,0.020866589560838672,0.9768756283967647,
2,1,0.007007665741137269,0.6766071553081747,0.3163851789506881,
2,2,0.006523429242156874,1.998192263394606E-4,0.9932767515315037,
2,2,0.006270287558598816,0.004456453682124126,0.9892732587592772,
2,0,0.6054165990199701,0.028783851357912196,0.3657995496221178,
2,2,0.01865170948152401,0.03077830554344467,0.9505699849750314,
2,2,5.613561697258852E-4,0.003332808050133407,0.9961058357801407,
2,2,0.0018261768700911715,8.72229788618871E-4,0.99730159334129,
2,2,0.1128649580126159,0.07373322298696483,0.8134018190004193,
2,2,0.009963684932507362,7.46681012482971E-4,0.9892896340550097,
2,2,0.17370140324003497,0.021186405668693495,0.8051121910912715,
2,2,0.02112344320400587,0.04783797270553592,0.9310385840904581,
2,2,5.124056553580398E-4,0.005293152029888299,0.9941944423147537,
2,2,0.2613594948445888,0.0040507860685060825,0.7345897190869052,
2,0,0.6864769016960242,0.01341703182834142,0.3001060664756345,
2,2,0.24392951098713347,0.007483672540819028,0.7485868164720475,
2,0,0.6214438404469377,5.944966591634472E-4,0.377961662893899,
2,2,0.11566014323784823,0.008242237999915096,0.8760976187622366,
2,2,0.06812210647858588,0.006932615193743195,0.9249452783276709,
2,2,0.00863583148829482,0.006085874320515044,0.9852782941911902,
2,2,0.0011415695318624107,0.43360647448674894,0.5652519559813887,
2,0,0.44092363463938833,0.1359330126964155,0.4231433526641961,
2,0,0.9761681160567183,0.0011146950790199906,0.022717188864261797,
2,2,0.030937940585698043,0.2679936956560932,0.7010683637582088,
2,2,2.2010377374310502E-4,4.849766452519273E-4,0.9992949195810049,
2,2,0.02373503101636252,0.044818138585454276,0.9314468303981832,
2,2,0.02115314844077635,0.02406291658632879,0.9547839349728948,
2,2,0.002940582215264132,0.11262037992551771,0.8844390378592182,
2,1,0.002839925443586109