0,0,0.7968305055583623,0.20316949444163768,
0,0,1.0,1.35747891980556E-82,
0,1,3.90649782168014E-4,0.999609350217832,
0,0,0.9999999999782028,2.179713300502095E-11,
0,1,3.627523008754397E-6,0.9999963724769912,
0,1,3.627523008754397E-6,0.9999963724769912,
0,1,4.788750230793325E-6,0.9999952112497691,
0,1,0.36903754450291093,0.630962455497089,
0,0,1.0,1.1249871678596722E-20,
0,0,0.9983218002805424,0.0016781997194575606,
0,1,0.34425461001344354,0.6557453899865565,
0,0,1.0,1.2033204518006221E-58,
0,0,0.9999999999997795,2.2048110485126025E-13,
0,0,0.9728134201326375,0.027186579867362507,
0,0,0.9999975445581417,2.4554418583203752E-6,
0,0,0.7841069504156611,0.2158930495843389,
0,1,3.096301284123924E-4,0.9996903698715877,
0,0,0.8119390543464299,0.18806094565357007,
0,0,0.9996797306406505,3.202693593494037E-4,
0,0,0.6129646955698779,0.38703530443012224,
0,0,0.9999988946252553,1.1053747446783568E-6,
0,0,0.6154399178042753,0.38456008219572474,
0,0,0.9999999809255146,1.907448541128548E-8,
0,0,1.0,3.2242047546567805E-22,
0,0,0.6809397675185905,0.3190602324814095,
0,0,0.7838449821130454,0.21615501788695451,
0,1,0.3485800588103591,0.651419941189641,
0,0,1.0,6.896941558223175E-127,
0,0,0.9999999999832665,1.673344260092395E-11,
0,0,0.9999987936504586,1.2063495414640214E-6,
0,0,0.9997395765850563,2.6042341494376736E-4,
0,0,0.9265627197774602,0.07343728022253981,
0,0,0.9996635370410477,3.3646295895222215E-4,
0,0,0.9999999999999982,1.7888564731790636E-15,
0,0,0.9999999999999982,1.7888564731790636E-15,
0,0,0.9837860473813512,0.01621395261864892,
0,0,0.9999999973641731,2.635826926660723E-9,
0,0,0.9860555334925062,0.0139444665074937,
0,0,0.7805269064934084,0.2194730935065916,
0,1,4.363157511606967E-4,0.9995636842488393,
0,0,0.548643403937967,0.4513565960620331,
0,0,0.9999999536363858,4.636361407515052E-8,
0,0,0.9995749213320229,4.250786679771415E-4,
0,0,1.0,3.064626803720811E-72,
0,0,1.0,4.788293950698407E-86,
0,0,0.999987540259856,1.2459740143882208E-5,
0,0,1.0,1.0548373846165991E-21,
0,0,0.8149659692276776,0.1850340307723224,
0,0,1.0,4.236462569420101E-31,
0,1,3.945395607407467E-64,1.0,
0,0,0.99999994720553,5.2794469981208806E-8,
0,0,1.0,5.603258057396728E-60,
0,0,1.0,2.9073216556350173E-48,
0,0,0.9999913261139914,8.673886008519901E-6,
0,0,0.9999999999996609,3.390024960388231E-13,
0,0,0.8153557673355001,0.1846442326644998,
0,0,1.0,1.1092623711689629E-49,
0,0,0.9999999939128548,6.0871452832787434E-9,
0,0,1.0,3.0370830315895884E-54,
0,0,0.9870330609896344,0.012966939010365542,
0,1,0.3486846709229507,0.6513153290770494,
0,0,0.9999982471940515,1.7528059484049884E-6,
0,0,0.9989374328690388,0.001062567130961197,
0,0,0.9919220409290637,0.00807795907093628,
0,1,0.15534299110256314,0.8446570088974369,
0,0,0.9999992295312908,7.70468709159437E-7,
0,0,0.9999999997971223,2.028777158227665E-10,
0,0,0.9999917072611524,8.29273884755987E-6,
0,0,1.0,9.408925753784825E-36,
0,0,1.0,2.515547673637456E-19,
0,0,0.9999999999999643,3.5671252976046853E-14,
0,0,0.8426580844842846,0.15734191551571544,
0,0,0.9989596328167343,0.001040367183265649,
0,1,0.44035938610476777,0.5596406138952322,
0,1,0.41560138078594816,0.5843986192140518,
0,0,0.7558194598164807,0.24418054018351926,
0,0,0.9999999844389584,1.5561041614086234E-8,
0,0,0.9686867019978317,0.03131329800216821,
0,0,1.0,3.07026125986535E-21,
0,0,0.9999494587138792,5.054128612067372E-5,
0,0,0.9999842778978364,1.5722102163513976E-5,
0,0,0.9458213608094305,0.05417863919056942,
0,0,0.9890583226110381,0.010941677388961858,
0,0,0.9999999999928904,7.109571785358234E-12,
0,0,0.9967535748332694,0.003246425166730602,
0,0,0.999999999999986,1.4082984638512368E-14,
0,0,0.9975628086794052,0.002437191320594961,
0,1,0.17959672913072058,0.8204032708692794,
0,1,0.0065197195748447605,0.9934802804251552,
0,0,0.8128415157722493,0.18715848422775067,
0,1,0.4869921211835759,0.5130078788164242,
0,0,1.0,2.8044019593570607E-55,
0,0,0.9999739707771158,2.6029222884048753E-5,
0,0,0.9999967664163574,3.233583642512672E-6,
0,0,0.9999999999991365,8.635941648300978E-13,
0,1,0.41536764628564454,0.5846323537143555,
0,0,0.9999999999995941,4.0591154193795203E-13,
0,0,0.9990199617918413,9.800382081586027E-4,
0,0,0.9999114569484446,8.854305155540136E-5,
0,0,0.9999999996210589,3.7894102011419226E-10,
0,0,1.0,7.579191815315924E-66,
0,0,0.9022843467857043,0.09771565321429572,
0,0,0.9999999267310682,7.326893176246651E-8,
0,0,0.9847701706593767,0.01522982934062339,
0,0,1.0,2.5793095013989166E-77,
0,0,0.9889078495714726,0.011092150428527396,
0,0,0.9999999992459927,7.540072807641709E-10,
0,0,0.7032400571690439,0.296759942830956,
0,0,0.9999999997920561,2.079438952709794E-10,
0,0,1.0,1.0756559207195748E-73,
0,0,0.7196692147452097,0.28033078525479027,
0,0,0.9999999999609943,3.90057005504191E-11,
0,0,1.0,5.3071594349449285E-30,
0,0,0.9121043238967351,0.08789567610326483,
0,0,0.9701871451055655,0.029812854894434547,
0,1,0.009624184232912973,0.990375815767087,
0,0,0.9999866257053819,1.3374294618134123E-5,
0,0,0.999999999996565,3.4349740812254213E-12,
0,0,1.0,1.4240957432406435E-80,
0,0,1.0,5.317635741841294E-33,
0,0,1.0,7.641323236704014E-77,
0,0,0.9999862465077654,1.375349223464585E-5,
0,0,0.9999988340193654,1.165980634628365E-6,
0,0,0.9972147541673237,0.0027852458326763003,
0,0,0.739586934572196,0.2604130654278039,
0,0,1.0,1.5917731472602537E-77,
0,0,1.0,6.229308598421193E-80,
0,0,1.0,1.150359917453495E-29,
0,0,0.9999999999999982,1.7729340793431897E-15,
0,0,0.9813509295880344,0.018649070411965566,
0,0,0.6494399039905046,0.35056009600949556,
0,1,0.03735064260333872,0.9626493573966614,
0,0,0.9999117670465493,8.823295345075878E-5,
0,0,0.9550380603094185,0.04496193969058159,
0,0,0.6089343774768315,0.3910656225231684,
0,0,0.9999683471404284,3.165285957154853E-5,
0,1,0.3601835777030985,0.6398164222969015,
0,1,0.38926433687959583,0.6107356631204042,
0,0,0.5704935981748845,0.4295064018251155,
0,0,1.0,2.1728994994729073E-22,
0,0,1.0,4.774966131132259E-58,
0,0,1.0,2.5857888195438867E-73,
0,0,1.0,2.3379223869089364E-67,
0,0,0.9999999999999922,7.747158072946237E-15,
0,0,1.0,1.9851624933933238E-23,
0,0,0.9999990191694,9.808306000259847E-7,
0,0,0.9999769507906368,2.304920936327502E-5,
0,1,0.2846015413817202,0.7153984586182798,
0,0,1.0,3.213724871056615E-22,
0,0,1.0,7.619728505057667E-100,
0,0,0.9980278986366281,0.0019721013633719558,
0,0,1.0,9.176950370024371E-128,
0,0,0.9353309367350052,0.06466906326499476,
0,0,0.9444389648102377,0.0555610351897624,
0,1,0.14672404769065,0.8532759523093499,
0,0,0.99872216920599,0.0012778307940099134,
0,0,1.0,2.9658895148181573E-18,
0,0,0.9999999867550682,1.324493181887725E-8,
0,0,0.9850171074253642,0.014982892574635665,
0,0,1.0,3.4021405299213147E-18,
0,0,0.9999999999999993,5.78560149463857E-16,
0,1,2.2106058304183102E-11,0.9999999999778939,
0,0,1.0,1.4152117634251397E-24,
0,0,0.9999999999989131,1.0868280800513315E-12,
0,1,1.7710448168359078E-6,0.9999982289551832,
0,0,1.0,1.078428358781762E-34,
0,0,1.0,4.7411805323350586E-30,
0,0,1.0,1.44408543143361E-34,
0,0,1.0,8.972261097829414E-38,
0,0,0.9999941436975287,5.856302471229873E-6,
0,0,1.0,2.505399477900123E-31,
0,0,1.0,4.714092163159088E-35,
0,0,1.0,6.9650314845788815E-31,
0,0,1.0,1.634666814182215E-24,
0,0,1.0,6.9650314845788815E-31,
0,0,0.9893227239628987,0.010677276037101212,
0,0,1.0,6.9650314845788815E-31,
0,0,0.9999999999064737,9.352618768044017E-11,
0,0,1.0,5.759127247883586E-25,
0,0,0.9999999999999998,1.508075705561665E-16,
0,1,1.821139196681992E-4,0.9998178860803318,
0,0,0.9976740940973288,0.0023259059026712356,
0,0,1.0,4.4477495901487275E-26,
0,1,0.2843186653506882,0.7156813346493118,
0,0,1.0,3.2596611784651496E-49,
0,1,0.2843186653506882,0.7156813346493118,
0,0,0.9888096398950184,0.011190360104981667,
0,1,0.4743343175187892,0.5256656824812108,
0,0,0.9965265545332251,0.0034734454667748153,
0,0,0.6116113473409782,0.3883886526590217,
0,0,0.5615508250826367,0.43844917491736335,
0,0,1.0,8.440867236035885E-36,
0,0,1.0,6.922874379802988E-17,
0,0,1.0,1.4887916508836152E-19,
0,0,1.0,1.0805576617210414E-89,
0,1,0.19709451413122875,0.8029054858687712,
0,0,0.9999999998711708,1.2882907757042852E-10,
0,1,0.34711046529367345,0.6528895347063265,
0,0,0.9999992220927593,7.779072406766072E-7,
0,0,0.9999999999999576,4.2503098423299947E-14,
0,1,4.72334931073939E-5,0.9999527665068927,
0,0,1.0,1.247324801040523E-35,
0,0,0.8701520035328897,0.12984799646711034,
0,0,0.999987953512221,1.2046487778917907E-5,
0,0,0.9530338512882961,0.046966148711704035,
0,0,0.8247109551483385,0.1752890448516616,
0,0,1.0,3.0839672020095765E-18,
0,0,0.7733117928617961,0.22668820713820387,
0,0,0.9999999998684488,1.3155128654339126E-10,
0,0,0.5866986950785036,0.41330130492149636,
0,0,0.5453163391766663,0.4546836608233336,
0,0,0.999999999999799,2.0091309710980342E-13,
0,0,0.9999999992320392,7.679607241722244E-10,
0,0,1.0,3.5711413868994753E-40,
0,0,1.0,4.4448719129703153E-41,
0,0,0.9999999999999993,5.619624095886164E-16,
0,0,1.0,8.776634303584135E-64,
0,0,1.0,1.025515589195866E-124,
0,0,1.0,2.9244013952847222E-33,
0,0,0.9996242798899252,3.757201100747397E-4,
0,0,1.0,4.0752667542933195E-31,
0,0,1.0,1.0954429793386263E-49,
0,0,0.9998396783555412,1.6032164445879373E-4,
0,0,1.0,2.2241438378966165E-20,
0,0,0.9998618305204391,1.3816947956091905E-4,
0,1,0.011476199769231863,0.988523800230768,
0,0,0.9999999999925424,7.457603593509399E-12,
0,0,1.0,4.774966131132259E-58,
0,0,0.8885707160499517,0.11142928395004824,
0,0,0.9850419952342556,0.014958004765744319,
0,0,1.0,1.8534281952618154E-65,
0,1,4.666352044871896E-15,0.9999999999999953,
0,0,0.9227359295856883,0.07726407041431185,
0,0,1.0,1.1684893193147758E-136,
0,0,1.0,1.0674799203294728E-61,
0,0,1.0,4.046189313088632E-74,
0,0,0.9999999999999984,1.5804664417161074E-15,
0,0,0.9999999999886717,1.1328187753492583E-11,
0,0,1.0,9.041856770770714E-28,
0,0,0.9999999999991687,8.3131970750657E-13,
0,0,0.9999999999805629,1.943716854397351E-11,
0,0,0.9909767367060124,0.00902326329398761,
0,0,1.0,1.5900011866080373E-62,
0,0,1.0,8.305854678620121E-69,
0,0,1.0,4.558278305334692E-36,
0,0,0.9999999999999973,2.630092296262755E-15,
0,0,0.9999999999872009,1.2799179032711093E-11,
0,0,0.9999999999999776,2.243820085679819E-14,
0,0,1.0,1.899670188972423E-20,
0,1,0.14484288042088664,0.8551571195791134,
0,0,0.5530601891641543,0.44693981083584555,
0,0,0.9999828428920514,1.7157107948561336E-5,
0,0,0.9999991274221434,8.725778566456164E-7,
0,0,0.962012267879012,0.037987732120987945,
0,0,1.0,1.0993756184106273E-92,
0,0,1.0,1.1199840856693974E-20,
0,0,1.0,1.0032262249380602E-20,
0,0,1.0,1.466370466582161E-70,
0,0,0.9999999964474764,3.552523534377246E-9,
0,0,0.9988211246434373,0.0011788753565628186,
0,0,0.8922554747734217,0.10774452522657837,
0,0,0.9739161079879692,0.026083892012030704,
0,0,0.9819185661493309,0.01808143385066912,
0,0,1.0,5.70478632963608E-82,
0,0,0.9999997899882994,2.1001170044721263E-7,
0,0,0.6966680844752889,0.30333191552471106,
0,1,0.0854096287648573,0.9145903712351426,
0,0,0.999999857739837,1.4226016299031753E-7,
0,0,1.0,4.774966131132259E-58,
0,0,1.0,9.416113410758089E-42,
0,0,1.0,6.649045207582111E-20,
0,0,1.0,6.973062640477486E-101,
0,0,0.9999252086516636,7.479134833642546E-5,
0,0,0.9936823568882649,0.006317643111735089,
0,0,1.0,3.19962169160135E-263,
0,1,0.011097039204032674,0.9889029607959673,
0,1,0.34052063720537645,0.6594793627946236,
0,1,9.175087798940863E-5,0.9999082491220105,
0,0,0.9932254338123272,0.006774566187672726,
0,0,0.9984659126120903,0.0015340873879098641,
0,1,0.2843186653506882,0.7156813346493118,
0,0,0.9955646441915137,0.0044353558084862695,
0,0,0.999999637648019,3.623519809579506E-7,
0,0,0.997581389900213,0.0024186100997869446,
0,0,0.9997992905231993,2.0070947680076595E-4,
0,0,0.9999984962551927,1.5037448072936222E-6,
0,1,0.008121957606928333,0.9918780423930716,
0,0,0.995197231932994,0.004802768067005972,
0,0,1.0,4.6448954397562364E-119,
0,0,0.9999997806291584,2.193708415690087E-7,
0,0,0.9988738712398193,0.00112612876018067,
0,0,1.0,1.0928329653710675E-49,
0,0,1.0,4.7737196339717105E-58,
0,0,0.9999484087080993,5.1591291900670825E-5,
0,0,1.0,2.1858995635176867E-38,
0,0,1.0,6.8800172980469034E-43,
0,0,0.899482319862758,0.10051768013724204,
0,0,0.9999999892397301,1.0760269976346693E-8,
0,0,1.0,1.042629777045593E-61,
0,0,0.9986503326247399,0.0013496673752600445,
0,0,0.9999999711641779,2.8835822092985054E-8,
0,0,0.9999999999999354,6.459338842182006E-14,
0,0,1.0,1.3716851038276925E-17,
0,0,0.97750158283011,0.022498417169889918,
0,1,0.009197099050911978,0.9908029009490881,
0,0,0.9992663097061775,7.33690293822464E-4,
0,0,0.9999846051084281,1.5394891571892434E-5,
0,0,1.0,1.0001578891894801E-33,
0,0,0.6162193718099089,0.3837806281900911,
0,0,1.0,2.9103769428201966E-19,
0,0,0.6619919399567806,0.3380080600432195,
0,1,6.589862143847972E-11,0.9999999999341014,
0,0,0.9950443370478848,0.004955662952115189,
0,0,0.999817543222893,1.8245677710706742E-4,
0,0,1.0,1.2837238804381757E-23,
0,1,0.0013607244878394652,0.9986392755121605,
0,0,0.9894828265831673,0.01051717341683263,
0,0,0.8074283719454447,0.1925716280545554,
0,0,0.9990936706268442,9.063293731559118E-4,
0,0,1.0,3.249235859728263E-20,
0,0,0.9955646441915137,0.0044353558084862695,
0,0,1.0,2.4030317263257202E-52,
0,0,0.9999999978545997,2.1454002334686827E-9,
0,0,0.999999898587632,1.014123680184729E-7,
0,0,0.984917691969295,0.015082308030705028,
0,0,0.9999999999999998,2.6874741526078903E-16,
0,0,1.0,5.1796481785911205E-17,
0,0,0.9999999999997629,2.370553660346376E-13,
0,1,0.38676536853526894,0.613234631464731,
0,0,0.9968396697568971,0.0031603302431027955,
0,0,1.0,3.19962169160135E-263,
0,0,1.0,5.902598717138871E-18,
0,0,0.9999999999999678,3.209597393821487E-14,
0,0,0.9634790135907902,0.036520986409209824,
0,0,1.0,1.3828881876239879E-30,
0,0,0.9912911392630145,0.00870886073698545,
0,0,1.0,1.4685040723207045E-70,
0,0,0.9999987915225654,1.2084774346364521E-6,
0,0,0.5560915522333503,0.4439084477666497,
0,0,0.9999990152258565,9.847741433711935E-7,
0,0,1.0,4.2952932544557016E-29,
0,0,1.0,4.3035276861623453E-29,
0,0,1.0,4.3035276861623453E-29,
0,1,0.016668654036816288,0.9833313459631837,
0,1,0.18887062035778687,0.8111293796422131,
0,0,0.9997842266849136,2.1577331508639054E-4,
0,0,0.9999997920565958,2.0794340405140755E-7,
0,1,0.404201814106493,0.595798185893507,
0,0,0.9995468112515757,4.531887484243292E-4,
0,0,0.9999999998232945,1.7670560844783765E-10,
0,1,0.47760576286226697,0.522394237137733,
0,1,1.202532719484855E-42,1.0,
0,0,1.0,5.053468659271527E-39,
0,0,0.7578145585381963,0.24218544146180365,
0,0,0.98729157881401,0.012708421185990085,
0,0,0.9923399604399361,0.007660039560063967,
0,0,0.9999999999999998,1.1199294477201164E-16,
0,0,1.0,1.4990300201134982E-65,
0,0,1.0,7.490993707926172E-58,
0,0,0.9928638563557874,0.007136143644212439,
0,0,1.0,2.552629044557963E-98,
0,0,1.0,1.0645756749209951E-27,
0,0,1.0,1.0851837730953355E-16,
0,0,0.5245721410435952,0.47542785895640477,
0,0,0.9999998948779443,1.0512205578842747E-7,
0,0,0.999999999957794,4.220598181696965E-11,
0,0,0.9958705534402541,0.004129446559745948,
0,0,0.9997819931324828,2.1800686751706944E-4,
0,0,0.9999954277012094,4.572298790660904E-6,
0,1,0.49609183562648557,0.5039081643735145,
0,0,0.9999999995826232,4.173767486723749E-10,
0,0,0.9999999994981255,5.018746255996958E-10,
0,0,0.9999999983958552,1.6041448004879655E-9,
0,0,1.0,8.263528690649212E-159,
0,0,1.0,4.8117731768540245E-185,
0,0,0.5817296993633553,0.4182703006366448,
0,0,0.9998458161499941,1.5418385000591365E-4,
0,0,0.9998436445835436,1.5635541645639097E-4,
0,0,0.9206985011567026,0.0793014988432974,
0,0,0.6278843108838102,0.3721156891161898,
0,0,0.7079828520263312,0.2920171479736689,
0,0,0.9998463831603303,1.5361683966969754E-4,
0,0,0.6088721109969928,0.39112788900300727,
0,0,0.9999147321015263,8.526789847381597E-5,
0,0,0.9999193582880835,8.064171191661071E-5,
0,0,0.996076310257092,0.003923689742908048,
0,0,0.999993297505429,6.702494571040113E-6,
0,0,0.9912058716030913,0.008794128396908801,
0,1,0.02729142565238294,0.9727085743476169,
0,1,0.4646509358888881,0.5353490641111118,
0,0,1.0,1.2198808045722037E-17,
0,1,0.40458039413882035,0.5954196058611797,
0,0,0.999994141670452,5.858329548023105E-6,
0,0,0.9999999999999998,1.1460698865165942E-16,
0,0,0.9999999942405804,5.75941952926204E-9,
0,0,0.9996646834375907,3.353165624092696E-4,
0,0,1.0,3.19962169160135E-263,
0,0,0.9998309532402834,1.6904675971658484E-4,
0,1,0.4079358055565476,0.5920641944434524,
0,0,0.9999999986963044,1.3036956523745709E-9,
0,0,0.9994062854504582,5.937145495417895E-4,
0,0,0.9999999918733472,8.126652794953603E-9,
0,0,0.9799623014982697,0.020037698501730362,
0,0,0.9993381729794062,6.618270205939092E-4,
0,0,0.9979428659401943,0.002057134059805617,
0,1,0.14310805251789852,0.8568919474821015,
0,0,1.0,3.776297081266262E-20,
0,0,0.9999999999993603,6.397590844562245E-13,
0,1,9.15240118151709E-6,0.9999908475988184,
0,0,0.9999998834731387,1.1652686119669397E-7,
0,0,0.9999999989978499,1.0021502355261611E-9,
0,0,0.9916834651387981,0.00831653486120194,
0,0,1.0,4.312987706759937E-28,
0,0,1.0,1.133166632548068E-22,
0,0,0.9646064822480742,0.03539351775192575,
0,0,0.8998134782829116,0.10018652171708846,
0,0,0.5035383092090548,0.49646169079094526,
0,0,1.0,1.2649742695029065E-25,
0,0,1.0,6.276458299439952E-85,
0,0,0.9999999999844289,1.5571080289780262E-11,
0,0,1.0,4.599017103751167E-56,
0,0,0.9915201550574029,0.008479844942597159,
0,0,1.0,1.1489409096883008E-44,
0,0,0.9998218690348005,1.7813096519948498E-4,
0,0,0.9998045529434865,1.9544705651360075E-4,
0,1,0.009687400682914819,0.9903125993170852,
0,0,1.0,3.2750830539411832E-21,
0,0,0.6053798088979165,0.39462019110208346,
0,0,0.6053798088979165,0.39462019110208346,
0,0,0.6053798088979165,0.39462019110208346,
0,0,0.6053798088979165,0.39462019110208346,
0,0,0.7945255982023244,0.20547440179767554,
0,1,0.46168756860615,0.5383124313938501,
0,0,0.999946633187616,5.336681238410962E-5,
0,0,0.9988249780251248,0.00117502197487512,
0,0,1.0,3.724443753046685E-17,
0,0,1.0,6.1613028576028706E-27,
0,0,0.9999999967230768,3.2769232325526343E-9,
0,0,0.7783289107021226,0.22167108929787743,
0,0,1.0,3.5880870863335394E-62,
0,0,0.9999999999997684,2.3153312153999585E-13,
0,0,1.0,2.0669686487721195E-91,
0,0,0.7521929984228883,0.24780700157711177,
0,0,0.9650601824768172,0.03493981752318277,
0,0,0.9999999998844058,1.1559418372804184E-10,
0,0,0.8818863114870102,0.11811368851298974,
0,0,1.0,3.693474629335993E-20,
0,0,1.0,2.8620120703641605E-28,
0,0,1.0,3.9525359791374076E-30,
0,0,0.9998245108256032,1.7548917439673991E-4,
0,0,0.9999999999991791,8.209462273991926E-13,
0,0,0.7831962517056048,0.21680374829439533,
0,0,0.7141455233852648,0.28585447661473523,
0,0,0.9999999998684488,1.3155128654339126E-10,
0,0,1.0,3.0783929916257197E-28,
0,1,0.005046164588180559,0.9949538354118194,
0,0,0.9831635325503254,0.01683646744967458,
0,0,1.0,8.344158163870123E-46,
0,0,1.0,7.960230860939027E-42,
0,0,0.9999999999965319,3.4681402301051543E-12,
0,0,0.9999999998650373,1.3496281095035266E-10,
0,0,1.0,6.318797569133787E-66,
0,0,0.9999970822868417,2.9177131582315146E-6,
0,0,1.0,4.308542165875948E-42,
0,0,0.556312476644496,0.443687523355504,
0,0,0.9779435683158523,0.0220564316841478,
0,0,0.7002048472762827,0.29979515272371715,
0,0,0.9985651803600831,0.001434819639917008,
0,1,7.539085873698489E-17,1.0,
0,0,0.9999999845111318,1.5488868169670323E-8,
0,0,1.0,1.1595491719648491E-46,
0,0,0.5539127232029932,0.44608727679700677,
0,0,0.9999997306349819,2.6936501806948843E-7,
0,0,1.0,9.314434547032888E-46,
0,0,0.9635878128926741,0.036412187107325876,
0,1,0.19065327692160017,0.8093467230783998,
0,0,1.0,8.457515283201076E-42,
0,0,0.9999982142869781,1.7857130218669484E-6,
0,0,0.9969751906423034,0.0030248093576965263,
0,0,1.0,6.8690689570144E-30,
0,1,0.46151887952387327,0.5384811204761266,
0,0,0.570214483425517,0.429785516574483,
0,1,0.3721951136315989,0.6278048863684011,
0,1,1.3136961427249366E-45,1.0,
0,0,0.999943486805316,5.651319468403602E-5,
0,0,0.7660536919487922,0.2339463080512078,
0,0,0.7418886747272904,0.25811132527270964,
0,0,0.9999999990274289,9.725711164875125E-10,
0,0,0.999999999999591,4.0898917512654534E-13,
0,0,0.9999792223943248,2.0777605675167824E-5,
0,0,0.9934154652108815,0.006584534789118619,
0,1,0.043598052316643,0.956401947683357,
0,0,0.935634711466523,0.06436528853347695,
0,0,0.5247563021478887,0.4752436978521113,
0,0,1.0,7.726570275818484E-87,
0,0,0.670689816717539,0.32931018328246103,
0,0,0.5635566376109599,0.43644336238904013,
0,0,1.0,7.47601003619626E-17,
0,0,0.7051929084409841,0.2948070915590159,
0,0,0.5987881512877337,0.4012118487122663,
0,0,0.5346929857116233,0.46530701428837673,
0,0,1.0,1.0562744760502772E-88,
0,1,0.2843186653506882,0.7156813346493118,
0,0,1.0,2.1056457878696766E-18,
0,0,1.0,1.466370466582161E-70,
0,0,0.6766785179684369,0.3233214820315631,
0,0,1.0,1.988723157540719E-86,
0,0,0.7317591596700586,0.26824084032994144,
0,0,1.0,3.32571995075429E-25,
0,0,0.7921692841863179,0.20783071581368195,
0,0,1.0,4.2716371460951184E-18,
0,0,0.9978428443932749,0.0021571556067251437,
0,0,1.0,1.4685040723207045E-70,
0,0,1.0,1.4685040723207045E-70,
0,0,1.0,1.4685040723207045E-70,
0,0,0.9999991967041855,8.032958144471263E-7,
0,0,0.9762474729256613,0.023752527074338614,
0,0,0.9999925701079736,7.429892026390327E-6,
0,0,0.7293077419214028,0.2706922580785973,
0,0,0.9982366492385519,0.001763350761447977,
0,0,0.9994240121937579,5.759878062420517E-4,
0,0,1.0,2.1671076309639805E-131,
0,0,0.9832739871090398,0.0167260128909602,
0,0,0.7281280293322587,0.27187197066774127,
0,0,1.0,1.1574807363925276E-20,
0,0,0.9981398073696267,0.0018601926303732144,
0,0,0.9999999999981348,1.8650944234122965E-12,
0,1,0.24931356479892028,0.7506864352010798,
0,0,1.0,5.960217772222518E-44,
0,1,0.2105334314056762,0.7894665685943238,
0,0,0.9997731645999719,2.26835400028022E-4,
0,1,0.00490115181294217,0.9950988481870577,
0,0,1.0,1.72906858495101E-120,
0,0,1.0,4.0944554402838956E-100,
0,0,1.0,1.4152117634251397E-24,
0,0,0.9996744119478866,3.2558805211349215E-4,
0,1,8.628597297559768E-4,0.9991371402702441,
0,0,0.9999976959124204,2.3040875796065968E-6,
0,1,0.005066336226131247,0.9949336637738687,
0,0,1.0,4.457945782127568E-22,
0,0,0.9999999999999998,1.7690084962746985E-16,
0,1,4.3476898364366873E-14,0.9999999999999565,
0,0,0.9999995109619502,4.890380498367031E-7,
0,0,0.9999451205348906,5.487946510929067E-5,
0,0,1.0,1.7072810504511064E-20,
0,0,0.9973203136674925,0.0026796863325073647,
0,0,0.9982062997445798,0.0017937002554202423,
0,0,0.9967261063283865,0.0032738936716134883,
0,0,1.0,4.389333309284824E-240,
0,0,0.9979620901144344,0.0020379098855656664,
0,0,0.9999999990992514,9.007485138680388E-10,
0,0,0.9999622261068865,3.777389311351524E-5,
0,0,0.9979423159790117,0.0020576840209881628,
0,0,0.8500689819346879,0.14993101806531212,
0,0,0.9999484558694279,5.154413057214092E-5,
0,0,0.9975306740779238,0.002469325922076112,
0,1,0.0013008729520275722,0.9986991270479724,
0,0,0.6019810570189208,0.3980189429810791,
0,0,1.0,9.347877438389913E-20,
0,1,0.189529178757136,0.8104708212428641,
0,1,0.362914384949161,0.6370856150508389,
0,0,0.9999999385183507,6.14816492346447E-8,
0,0,0.9993946416131774,6.053583868225558E-4,
0,0,1.0,9.554010903133292E-17,
0,1,7.233717360684744E-78,1.0,
0,0,1.0,8.949440342881026E-52,
0,0,1.0,6.77770744623623E-18,
0,0,1.0,1.6361101828865996E-28,
0,0,1.0,1.83997688520013E-30,
0,0,0.9996306796995084,3.6932030049168294E-4,
0,0,0.9080479507447797,0.09195204925522031,
0,0,0.7484431670595864,0.2515568329404137,
0,0,0.9948390279216296,0.005160972078370468,
0,0,0.9993293042342865,6.706957657136793E-4,
0,0,1.0,5.756888193875721E-59,
0,0,0.9999526412486637,4.7358751336351055E-5,
0,0,0.9733081661522606,0.02669183384773935,
0,0,0.8344756822012968,0.1655243177987033,
0,0,1.0,3.001128545168844E-92,
0,1,0.09355076273706449,0.9064492372629356,
0,0,0.9999999999999687,3.1257068159844224E-14,
0,0,1.0,1.5883373804950099E-18,
0,0,0.9999999999999662,3.368544775978714E-14,
0,0,0.5626644829247827,0.43733551707521734,
0,1,0.12243142325385187,0.8775685767461482,
0,0,0.9999999693390229,3.066097696777805E-8,
0,0,1.0,2.9503941079869545E-55,
0,0,1.0,2.949623445385209E-55,
0,0,1.0,8.415324013886545E-37,
0,0,0.9999999925647953,7.435204648073362E-9,
0,0,0.9999999999892508,1.0749270727255854E-11,
0,0,1.0,4.8858415868425246E-17,
0,0,1.0,3.236502130216989E-64,
0,1,0.02184919630541647,0.9781508036945835,
0,0,1.0,5.142742656652275E-61,
0,0,0.9999999999989855,1.0144546103116277E-12,
0,0,0.9999856270295495,1.4372970450393707E-5,
0,1,9.044157987211565E-11,0.9999999999095583,
0,0,0.9520233704086175,0.04797662959138235,
0,0,1.0,3.8564428331040644E-69,
0,0,0.9963251070268828,0.003674892973117265,
0,0,0.9586739195706272,0.04132608042937279,
0,0,0.7251276425552614,0.2748723574447385,
0,0,0.9953493785874591,0.004650621412540832,
0,1,0.33221995876247123,0.6677800412375288,
0,0,0.7459267250708597,0.25407327492914034,
0,0,0.9995728822922452,4.2711770775478915E-4,
0,0,1.0,7.821146014110287E-85,
0,0,0.9999999997556734,2.443264789375743E-10,
0,0,0.9842746251147522,0.015725374885247917,
0,1,0.3442083157132151,0.655791684286785,
0,0,0.9999989071713556,1.0928286443469393E-6,
0,0,0.9485700623162768,0.051429937683723094,
0,0,1.0,6.714129152970377E-33,
0,0,0.7831950903308207,0.21680490966917929,
0,0,1.0,3.603581299987488E-174,
0,0,1.0,2.875335938069813E-22,
0,1,1.0456802382769985E-7,0.9999998954319762,
0,0,0.9999998552054729,1.447945270648417E-7,
0,0,1.0,5.334885170677224E-26,
0,0,0.7511498996519759,0.24885010034802404,
0,1,0.005691516062438262,0.9943084839375617,
0,0,1.0,3.03603016376926E-24,
0,0,1.0,1.2839657665191625E-36,
0,0,1.0,1.5212809296069987E-51,
0,0,0.6494461335833925,0.3505538664166076,
0,0,0.9980730739430727,0.001926926056927247,
0,1,0.1547692656466374,0.8452307343533626,
0,0,1.0,3.019129597527499E-42,
0,0,0.9986871737469086,0.00131282625309136,
0,0,1.0,3.5663597897132223E-29,
0,0,0.9999999999999958,4.3012157541812295E-15,
0,0,0.996346800182965,0.003653199817035028,
0,0,1.0,2.5141203181724976E-74,
0,0,0.7831916054751743,0.21680839452482575,
0,0,1.0,7.485180396325615E-19,
0,1,3.5251326803854143E-6,0.9999964748673197,
0,0,0.9999459252854499,5.407471454997699E-5,
0,0,0.9999968682598909,3.1317401090386117E-6,
0,0,0.9996821313578604,3.1786864213956506E-4,
0,0,0.9997729389193277,2.270610806722244E-4,
0,0,0.9999965758869647,3.4241130354142325E-6,
0,1,0.020437212158681713,0.9795627878413182,
0,1,0.11358029634558361,0.8864197036544162,
0,0,1.0,1.965620765840358E-21,
0,0,0.9999999999999121,8.795901217774605E-14,
0,0,0.994400149325242,0.005599850674758009,
0,0,1.0,2.197309547715989E-53,
0,1,0.3760366361232709,0.623963363876729,
0,0,1.0,2.2543625564398998E-95,
0,0,1.0,1.6746183927879995E-20,
0,0,0.7080248087415686,0.29197519125843135,
0,1,0.12472931032744936,0.8752706896725506,
0,0,0.7080248087415686,0.29197519125843135,
0,0,0.9971689130211774,0.002831086978822685,
0,0,1.0,3.9058289216777114E-48,
0,0,0.9020580079772681,0.09794199202273199,
0,1,2.403870085923019E-7,0.9999997596129913,
0,0,0.9999853963305783,1.4603669421745948E-5,
0,0,1.0,8.344150309519377E-89,
0,0,0.5898919432272395,0.4101080567727606,
0,0,0.9999866022392381,1.3397760762027482E-5,
0,0,1.0,3.5313611629242686E-48,
0,0,0.6283407745374263,0.3716592254625736,
0,0,0.9999998527450192,1.4725498073283396E-7,
0,0,0.9999999977292027,2.270797331750348E-9,
0,0,1.0,3.584436955723129E-24,
0,0,1.0,2.9922866864777274E-19,
0,1,0.37645549442569104,0.623544505574309,
0,0,0.9999994796431154,5.20356884596423E-7,
0,0,0.9999999997222953,2.777048081001237E-10,
0,0,1.0,4.7956206333264795E-70,
0,0,0.9999999999999922,7.816014886105611E-15,
0,0,0.9999752946520228,2.4705347977210064E-5,
0,0,1.0,8.466708532944938E-148,
0,0,1.0,7.495050269267694E-34,
0,0,0.9999930954939957,6.904506004376998E-6,
0,1,0.022875500567629888,0.9771244994323701,
0,0,0.9999999999972622,2.7377415926931414E-12,
0,0,0.9998807914287231,1.1920857127694075E-4,
0,0,0.9943528352133257,0.005647164786674341,
0,0,0.9999999943009319,5.699068050259238E-9,
0,0,1.0,5.153257528276991E-96,
0,1,0.4598713166939223,0.5401286833060778,
0,0,0.999929292546129,7.070745387116747E-5,
0,0,0.9999999999328886,6.71115190821585E-11,
0,0,0.9915523178601201,0.008447682139879942,
0,0,0.9999999999999971,2.9552322859813517E-15,
0,0,1.0,6.90158262337717E-20,
0,1,3.485367680249259E-5,0.9999651463231976,
0,0,0.9799033559448252,0.020096644055174678,
0,0,0.9997378954619365,2.6210453806353165E-4,
0,0,0.9999999636691919,3.633080805942109E-8,
0,0,0.9999999999999993,7.575539729915043E-16,
0,0,0.9999969652649906,3.034735009495678E-6,
0,0,1.0,7.725985801561645E-80,
0,0,0.9995263866792754,4.7361332072454946E-4,
0,0,1.0,3.4910867912013173E-40,
0,0,0.6302162728710324,0.3697837271289676,
0,0,0.9995903399113055,4.09660088694605E-4,
0,0,1.0,3.9424254081593705E-21,
0,0,0.8025690451276348,0.19743095487236526,
0,0,0.5283795260551079,0.4716204739448921,
0,1,0.2118469053863587,0.7881530946136412,
0,0,0.9999999999999991,9.432066527033512E-16,
0,1,0.2843186653506882,0.7156813346493118,
0,0,1.0,3.252300868712135E-30,
0,0,0.9985150372074815,0.001484962792518482,
0,0,0.9981214380520099,0.001878561947989976,
0,0,0.9990718794070799,9.281205929200808E-4,
0,0,0.9970101025775124,0.002989897422487539,
0,0,0.5434994596240658,0.45650054037593424,
0,0,0.9938784817519408,0.006121518248059141,
0,0,0.7040428847248912,0.2959571152751088,
0,0,0.9999999988639721,1.1360278512001923E-9,
0,0,0.9999852244659535,1.4775534046557638E-5,
0,0,0.979096668889518,0.020903331110481975,
0,0,0.999346048788599,6.539512114009498E-4,
0,1,0.030081846818529646,0.9699181531814703,
0,0,1.0,1.177827834735729E-97,
0,0,1.0,1.177827834735729E-97,
0,0,0.9994584323173981,5.415676826019464E-4,
0,0,1.0,5.005236564666578E-100,
0,0,0.5029711110826537,0.4970288889173463,
0,0,0.9999999999999956,4.517788683866425E-15,
0,0,0.9998213524212649,1.7864757873502853E-4,
0,0,1.0,3.9553884938327523E-59,
0,0,1.0,6.815548543368594E-105,
0,0,0.9982224553702045,0.0017775446297955341,
0,0,0.7831927675677554,0.2168072324322446,
0,1,0.22580238993615248,0.7741976100638476,
0,0,0.9999999999999987,1.379652877756941E-15,
0,1,2.2866106123946596E-53,1.0,
0,0,0.6043661050727834,0.39563389492721657,
0,0,1.0,7.821146014110287E-85,
0,0,0.9999999991957789,8.042211377128506E-10,
0,0,0.5158074340152355,0.4841925659847644,
0,1,0.03942860200227402,0.960571397997726,
0,0,0.7865910360449981,0.2134089639550019,
0,0,0.9999999999966773,3.3227285420591157E-12,
0,0,0.8409912453471894,0.15900875465281053,
0,0,0.9112360398579978,0.08876396014200215,
0,1,0.1459976257372461,0.8540023742627539,
0,0,0.9999999999998366,1.633415869082164E-13,
0,0,0.5178673664599777,0.4821326335400223,
0,0,0.9999999980656489,1.9343510114848303E-9,
0,0,0.9967244994677051,0.003275500532294781,
0,1,0.11758161293825267,0.8824183870617474,
0,1,0.3192762702482104,0.6807237297517896,
0,0,0.7831974130758896,0.21680258692411034,
0,0,1.0,1.1070186309021812E-33,
0,0,0.9998671374596813,1.3286254031876852E-4,
0,0,0.9999878384757447,1.2161524255242377E-5,
0,0,1.0,6.996276822252765E-51,
0,0,0.9971307822632379,0.0028692177367622305,
0,0,1.0,3.087364424802135E-26,
0,0,1.0,5.044275566277807E-18,
0,0,1.0,1.2177974368637482E-74,
0,0,1.0,1.778263020130248E-43,
0,0,1.0,6.495753528330325E-33,
0,0,0.5649328517615964,0.43506714823840364,
0,0,1.0,2.797499616913703E-23,
0,0,0.9746541576535172,0.025345842346482943,
0,0,0.9785642954278847,0.021435704572115365,
0,0,1.0,1.4152117634251397E-24,
0,0,1.0,1.995962551189736E-29,
0,0,0.9999999999758278,2.417232511805111E-11,
0,0,1.0,2.61373194481781E-46,
0,0,1.0,3.623047384713605E-31,
0,0,0.9534318786516599,0.04656812134834015,
0,0,0.9999416324160969,5.836758390313825E-5,
0,0,1.0,1.6175445703634125E-82,
0,0,0.9439357875623375,0.05606421243766244,
0,0,1.0,4.653131719841079E-72,
0,1,0.16500664661387493,0.8349933533861251,
0,0,0.948447530882619,0.05155246911738099,
0,0,1.0,6.213398419922452E-79,
0,0,0.9999919568505523,8.043149447690655E-6,
0,1,7.539085873698489E-17,1.0,
0,1,7.539085873698489E-17,1.0,
0,1,7.539085873698489E-17,1.0,
0,0,1.0,3.4125535789450212E-65,
0,1,7.539085873698489E-17,1.0,
0,1,7.539085873698489E-17,1.0,
0,0,0.9915967766034888,0.00840322339651131,
0,0,0.9999999999990359,9.64082854268839E-13,
0,0,1.0,3.1186536546437E-101,
0,0,0.9999138046236898,8.61953763102357E-5,
0,0,1.0,7.856873511582706E-21,
0,0,1.0,8.936405362953242E-76,
0,0,0.9994413749121338,5.586250878662153E-4,
0,0,0.9999999999997145,2.854566214995655E-13,
0,0,0.9999999999834133,1.6586827934823643E-11,
0,1,7.539085873698489E-17,1.0,
0,0,1.0,3.07058637202735E-41,
0,0,1.0,4.268916461610473E-33,
0,0,1.0,4.525666341892368E-90,
0,0,1.0,1.766000271975668E-20,
0,0,0.9968204049419617,0.0031795950580383583,
0,0,1.0,3.3031414597062233E-18,
0,1,7.539085873698489E-17,1.0,
0,1,7.539085873698489E-17,1.0,
0,0,1.0,3.600157473465961E-42,
0,1,7.539085873698489E-17,1.0,
0,0,0.6404245798311344,0.35957542016886546,
0,0,0.99999853908047,1.4609195300870534E-6,
0,0,0.6404245798311344,0.35957542016886546,
0,1,7.539085873698489E-17,1.0,
0,1,8.709533201339416E-8,0.9999999129046679,
0,0,1.0,5.6224388799434814E-68,
0,0,1.0,2.955470069861235E-65,
0,1,0.03281304168158169,0.9671869583184183,
0,0,0.9997000637430824,2.999362569175786E-4,
0,0,0.897658238416429,0.10234176158357096,
0,0,1.0,1.1859158597672639E-62,
0,0,1.0,3.2289851174170214E-17,
0,0,0.9082556755025645,0.09174432449743546,
0,1,7.539085873698489E-17,1.0,
0,0,0.9999385144317523,6.148556824772878E-5,
0,1,7.539085873698489E-17,1.0,
0,1,7.539085873698489E-17,1.0,
0,1,7.539085873698489E-17,1.0,
0,1,7.539085873698489E-17,1.0,
0,1,7.539085873698489E-17,1.0,
0,0,0.6404245798311344,0.35957542016886546,
0,0,0.6404245798311344,0.35957542016886546,
0,1,7.539085873698489E-17,1.0,
0,1,7.539085873698489E-17,1.0,
0,1,7.539085873698489E-17,1.0,
0,1,7.539085873698489E-17,1.0,
0,1,7.539085873698489E-17,1.0,
0,1,7.539085873698489E-17,1.0,
0,1,7.539085873698489E-17,1.0,
0,1,7.539085873698489E-17,1.0,
0,1,7.539085873698489E-17,1.0,
0,1,7.539085873698489E-17,1.0,
0,0,1.0,1.4685040723207045E-70,
0,1,7.539085873698489E-17,1.0,
0,1,7.539085873698489E-17,1.0,
0,1,7.539085873698489E-17,1.0,
0,1,7.539085873698489E-17,1.0,
0,1,7.539085873698489E-17,1.0,
0,1,7.539085873698489E-17,1.0,
0,1,7.539085873698489E-17,1.0,
0,1,7.539085873698489E-17,1.0,
0,0,0.7831950903308207,0.21680490966917929,
0,0,0.5702061014207721,0.429793898579228,
0,0,0.6207284784308622,0.3792715215691377,
0,1,0.02995922681212526,0.9700407731878748,
0,0,1.0,1.4603955329430815E-70,
0,0,0.9999999997844182,2.1558171684625349E-10,
0,0,1.0,3.0881705088823496E-27,
0,0,1.0,1.897879059120034E-36,
0,0,1.0,1.7988766463825126E-44,
0,0,1.0,2.249376804270694E-24,
0,0,1.0,5.8296725510665785E-126,
0,0,0.9904204281911487,0.009579571808851139,
0,0,1.0,8.317390967328963E-113,
0,0,0.993896861047652,0.006103138952348021,
0,0,0.9999999999999993,7.717024009383139E-16,
0,0,1.0,4.8098253201425815E-42,
0,0,0.9998650746783742,1.3492532162588203E-4,
0,0,1.0,8.954901543000164E-38,
0,0,0.9999999999999956,4.374691570765068E-15,
0,0,0.9804329442960261,0.019567055703973962,
0,1,0.0017743551300916768,0.9982256448699084,
0,0,0.9936896001561084,0.006310399843891609,
0,0,1.0,1.0931183221353235E-49,
0,0,1.0,6.877280889864743E-127,
0,0,0.9999131183068231,8.688169317702656E-5,
0,0,0.9999996997663099,3.0023369023889826E-7,
0,1,0.4594186966422111,0.5405813033577889,
0,1,0.3903205071838549,0.6096794928161451,
0,0,0.9999999999999996,4.964898557041671E-16,
0,1,0.30886868874339407,0.691131311256606,
0,0,1.0,6.877280889864743E-127,
0,0,1.0,5.455051489779326E-30,
0,0,0.9999901941309841,9.80586901580697E-6,
0,0,0.9999999465911935,5.340880649370839E-8,
0,0,0.99889951677125,0.0011004832287500308,
0,0,1.0,8.82651374609451E-65,
0,0,0.9934937616659031,0.0065062383340968805,
0,0,0.5232252368652172,0.47677476313478273,
0,1,3.748076960154157E-51,1.0,
0,1,0.0723050728958127,0.9276949271041874,
0,0,0.9999999999555453,4.4454767833113434E-11,
0,0,0.8586779162832271,0.14132208371677288,
0,0,0.9999999999883236,1.1676492560823968E-11,
0,0,0.9939857022940896,0.006014297705910438,
0,0,0.9999999999999964,3.5409572950314546E-15,
0,0,0.9999999913501944,8.649805679970527E-9,
0,0,0.7831962517056048,0.21680374829439533,
0,0,1.0,2.7322014658209123E-18,
0,0,0.9942806660022439,0.005719333997756131,
0,1,1.6367026267295005E-36,1.0,
0,0,0.9999999999999993,7.015914757138801E-16,
0,0,0.6813895345315647,0.3186104654684353,
0,1,0.17200177612739564,0.8279982238726042,
0,0,0.9646100752637231,0.03538992473627685,
0,0,0.7831927675677554,0.2168072324322446,
0,0,0.9964591988772841,0.003540801122715946,
0,0,0.9964591988772841,0.003540801122715946,
0,0,0.9875074911592203,0.012492508840779754,
0,0,1.0,2.2604180278887376E-118,
0,0,0.9999875266575451,1.2473342454857666E-5,
0,0,1.0,1.4998743659924122E-17,
0,1,0.00618839448537173,0.9938116055146283,
0,0,0.9998234593371574,1.7654066284262634E-4,
0,0,1.0,1.8591516203959443E-18,
0,0,0.9999834701305556,1.6529869444365764E-5,
0,0,0.8952551433523659,0.10474485664763422,
0,0,0.9988935768168393,0.001106423183160717,
0,0,0.9964281007195236,0.0035718992804763708,
0,1,0.38419605143180824,0.6158039485681918,
0,0,0.9999999999976579,2.342188083932314E-12,
0,1,0.3690455085323064,0.6309544914676936,
0,0,0.837661353583916,0.16233864641608395,
0,0,0.9977195432021827,0.002280456797817178,
0,0,1.0,1.5684494698431506E-64,
0,0,1.0,1.8977399638649068E-23,
0,0,1.0,1.2447773722391423E-33,
0,0,0.9998286661669097,1.7133383309022823E-4,
0,0,1.0,5.2050059799161615E-28,
0,0,0.9986714696177913,0.0013285303822087502,
0,0,1.0,4.675752832235476E-30,
0,1,0.2843186653506882,0.7156813346493118,
0,0,0.9999991835232013,8.164767986996407E-7,
0,0,0.999999999945572,5.442808582267009E-11,
0,0,1.0,4.7737196339717105E-58,
0,0,1.0,5.876649701353521E-26,
0,0,1.0,1.466370466582161E-70,
0,0,0.9950902557599459,0.004909744240054145,
0,0,1.0,1.4589523170547359E-27,
0,1,0.12126404238597971,0.8787359576140203,
0,0,1.0,4.774966131132259E-58,
0,1,0.4207917215616382,0.5792082784383618,
0,1,0.03955611158410819,0.9604438884158918,
0,0,0.700159580822792,0.29984041917720805,
0,0,0.9998808312088925,1.1916879110744566E-4,
0,1,0.0193513795873757,0.9806486204126243,
0,0,0.9999999999982239,1.7761108652951967E-12,
0,0,0.999114515159103,8.854848408970682E-4,
0,1,4.750057266783819E-6,0.9999952499427333,
0,0,0.9976509882949448,0.0023490117050551608,
0,0,1.0,5.757040211433625E-51,
0,0,1.0,3.19962169160135E-263,
0,0,1.0,7.255270840967298E-38,
0,0,1.0,7.620710831603695E-47,
0,0,1.0,2.0736064098073913E-46,
0,1,0.33637757156177556,0.6636224284382244,
0,0,1.0,4.578107951727734E-165,
0,0,1.0,1.316860078369341E-96,
0,0,0.8243964316321327,0.1756035683678673,
0,0,0.9347670623032703,0.06523293769672966,
0,0,1.0,3.2485548743317915E-98,
0,0,0.999897804738437,1.0219526156286331E-4,
0,0,0.9544294710836749,0.045570528916325015,
0,0,1.0,1.233651261197704E-61,
0,0,1.0,1.269594308173449E-24,
0,1,6.20452338690616E-10,0.9999999993795476,
0,0,0.9999999999999998,3.078292327653873E-16,
0,1,0.08081021807269592,0.919189781927304,
0,0,0.9994351190719395,5.648809280604428E-4,
0,0,0.9999830651382562,1.6934861743791262E-5,
0,0,0.9999995256829419,4.743170579948921E-7,
0,0,0.9999999989079364,1.0920635523313822E-9,
0,0,1.0,4.18184135728188E-82,
0,0,0.9999999999308893,6.911071709020995E-11,
0,0,1.0,2.035730611058581E-68,
0,0,1.0,3.2419189222286787E-38,
0,1,0.095007460484715,0.904992539515285,
0,1,0.39446355467186284,0.6055364453281372,
0,0,1.0,3.19962169160135E-263,
0,1,0.46398486970643055,0.5360151302935694,
0,0,0.9514428015281081,0.04855719847189179,
0,1,3.9601765471080753E-7,0.9999996039823454,
0,1,3.9601765471080753E-7,0.9999996039823454,
0,1,0.029360853611639006,0.970639146388361,
0,0,0.9946400278446011,0.0053599721553989265,
0,0,1.0,2.664393707357316E-44,
0,0,1.0,4.7021945836741973E-70,
0,0,1.0,1.078254931341863E-38,
0,0,0.9932353225965255,0.006764677403474589,
0,0,0.9989635014543937,0.0010364985456063056,
0,0,0.9959344856532655,0.004065514346734591,
0,0,0.8167277521389604,0.18327224786103954,
0,0,1.0,1.4147775136769918E-125,
0,0,0.9945453058570198,0.005454694142980147,
0,1,0.4850500430880565,0.5149499569119435,
0,1,9.957411263818646E-5,0.9999004258873617,
0,0,0.6314756716619254,0.3685243283380747,
0,0,0.9999792465273089,2.075347269105784E-5,
0,0,0.9999961362237201,3.863776279968378E-6,
0,0,0.9882815791526763,0.011718420847323755,
0,0,0.818021282464082,0.18197871753591793,
0,0,0.999999999594591,4.054090091191063E-10,
0,0,0.7766554313649635,0.2233445686350365,
0,1,0.20932720774530647,0.7906727922546937,
0,0,0.7831939289515375,0.2168060710484624,
0,0,0.9138720701721259,0.08612792982787412,
0,0,0.9999758655933866,2.4134406613430026E-5,
0,0,1.0,9.179027503842705E-22,
0,0,0.9998390871494371,1.6091285056295889E-4,
0,0,1.0,6.706084143795238E-168,
0,0,0.992727314162214,0.0072726858377860325,
0,0,0.9999866120396953,1.3387960304596768E-5,
0,0,0.6564812756778994,0.34351872432210057,
0,1,0.1919844957265881,0.8080155042734118,
0,1,0.4765538744818685,0.5234461255181314,
0,1,0.001204008981780346,0.9987959910182197,
0,1,0.17633880050842396,0.8236611994915761,
0,0,0.7298061487182589,0.27019385128174117,
0,1,5.8084137379841115E-9,0.9999999941915863,
0,1,1.4315540311035407E-5,0.999985684459689,
0,0,0.8496479871116346,0.15035201288836547,
0,0,1.0,7.334215087788577E-35,
0,0,1.0,1.595972102748358E-39,
0,1,0.2578026448070475,0.7421973551929524,
0,0,1.0,7.95065157677214E-38,
0,0,1.0,2.272255698755297E-56,
0,0,1.0,7.268738669228608E-37,
0,0,0.9681609438795852,0.03183905612041482,
0,0,1.0,3.7482009316440345E-31,
0,0,0.9854049723869807,0.014595027613019293,
0,0,1.0,5.006299360490959E-20,
0,0,0.9977399171318041,0.0022600828681959887,
0,0,0.9438312072584307,0.05616879274156929,
0,0,1.0,4.07379442408671E-32,
0,0,1.0,8.7874804347776E-24,
0,1,0.03134233873375861,0.9686576612662413,
0,0,1.0,2.858231219254342E-94,
0,0,1.0,8.863363021388607E-58,
0,0,1.0,8.963701024146318E-26,
0,1,0.3405050114965591,0.659494988503441,
0,0,0.6757231580556298,0.3242768419443702,
0,0,0.9999371508085985,6.284919140147242E-5,
0,0,0.9999999999999771,2.295321637527392E-14,
0,0,0.7074204990604119,0.29257950093958796,
0,0,1.0,2.760558221602779E-25,
0,0,0.9968481489002399,0.003151851099760082,
0,0,0.8009540396255129,0.19904596037448702,
0,0,0.9955737559875281,0.004426244012471982,
0,0,1.0,1.0726724412730943E-51,
0,0,0.6180703363697866,0.38192966363021336,
0,0,1.0,1.696875917797047E-52,
0,0,1.0,9.169888192808756E-47,
0,0,0.7831950903308207,0.21680490966917929,
0,0,0.6180703363697866,0.38192966363021336,
0,0,1.0,5.982292115846713E-51,
0,0,0.9971874904783022,0.0028125095216976217,
0,0,0.9971874904783022,0.0028125095216976217,
0,0,1.0,1.3748861660341464E-156,
0,0,0.9319677943247955,0.06803220567520464,
0,1,0.14645599315677418,0.8535440068432257,
0,0,0.9999999982701395,1.7298603842073496E-9,
0,0,0.9997842266849136,2.1577331508639054E-4,
0,0,0.9999335429457838,6.645705421605143E-5,
0,0,0.9999999999905156,9.484360965624732E-12,
0,0,0.9999999999999978,2.197178128353991E-15,
0,1,0.36278181843137275,0.6372181815686272,
0,0,0.6180703363697866,0.38192966363021336,
0,0,0.8560018305548274,0.1439981694451727,
0,0,1.0,1.579029910806344E-27,
0,0,1.0,3.19962169160135E-263,
0,0,0.927825033912954,0.07217496608704599,
0,0,1.0,1.9803084684274761E-57,
0,0,1.0,8.66087039068172E-25,
0,0,1.0,2.0721332325487067E-76,
0,0,0.9999999998588431,1.4115687128643054E-10,
0,0,1.0,5.858130504089958E-144,
0,0,1.0,1.8441606652078837E-57,
0,0,1.0,3.2030031986396815E-52,
0,1,7.112984649157589E-4,0.9992887015350843,
0,0,1.0,2.112871477968649E-18,
0,0,0.9999995512279465,4.4877205349235754E-7,
0,0,0.9999983910809982,1.608919001863415E-6,
0,0,1.0,4.774966131132259E-58,
0,0,0.8274700790331305,0.17252992096686945,
0,1,6.342433897763048E-8,0.9999999365756609,
0,0,0.5365655292006686,0.4634344707993314,
0,0,0.9999147743834395,8.522561656048355E-5,
0,0,0.9942267394027867,0.005773260597213403,
0,0,0.9999270325166255,7.29674833744041E-5,
0,0,0.9995839638574607,4.1603614253933466E-4,
0,0,0.9921044273465041,0.007895572653495879,
0,0,0.5387079156188082,0.46129208438119185,
0,0,0.9999989049830007,1.0950169992022893E-6,
0,0,1.0,7.019626119468223E-73,
0,1,9.190268916076999E-7,0.9999990809731085,
0,0,0.6738658913593518,0.3261341086406481,
0,0,1.0,5.891548581806646E-104,
0,1,0.14468037713662432,0.8553196228633756,
0,0,1.0,6.3790475519425206E-46,
0,0,0.9959600820216651,0.0040399179783348615,
0,0,1.0,2.2795142903397064E-30,
0,0,1.0,8.085789915766898E-42,
0,0,1.0,3.0812819073273383E-50,
0,0,0.6401430153811293,0.3598569846188707,
0,1,4.6798186634062226E-12,0.9999999999953202,
0,0,0.9306800782596397,0.06931992174036015,
0,0,1.0,1.2387213049961812E-24,
0,0,0.9996641875560618,3.3581244393820635E-4,
0,0,1.0,1.2426073782611835E-23,
0,0,0.9999999999999998,2.523513076010685E-16,
0,0,0.7614028750417823,0.23859712495821764,
0,0,1.0,1.3445209711406298E-63,
0,0,0.7614028750417823,0.23859712495821764,
0,0,0.8684901632594269,0.13150983674057307,
0,0,0.5981186097649736,0.40188139023502656,
0,0,0.9999983871103503,1.612889649569979E-6,
0,0,0.7831939289515375,0.2168060710484624,
0,0,0.9999999994689379,5.310620850549731E-10,
0,1,0.45938187043880063,0.5406181295611995,
0,0,0.9999944380995823,5.5619004177807604E-6,
0,0,0.7614028750417823,0.23859712495821764,
0,0,0.7614028750417823,0.23859712495821764,
0,0,1.0,2.861758012902351E-19,
0,0,0.9930718865040367,0.006928113495963321,
0,0,0.9999999999999858,1.4187983746295567E-14,
0,0,0.5471901550573155,0.45280984494268456,
0,0,1.0,3.580788008785965E-35,
0,0,0.9647028092302998,0.03529719076970009,
0,1,0.31593246777575384,0.6840675322242461,
0,0,1.0,5.573857996047522E-142,
0,0,0.9997741850401269,2.2581495987314488E-4,
0,0,0.9993317260791624,6.682739208375409E-4,
0,0,0.9991886267504045,8.113732495953614E-4,
0,0,0.9999998969075905,1.0309240947575224E-7,
0,0,0.9998534596054088,1.465403945912174E-4,
0,0,1.0,1.738288628854497E-17,
0,0,0.9999998917576087,1.0824239134262892E-7,
0,0,0.9999999881353058,1.1864694300809318E-8,
0,0,0.7466516428366045,0.2533483571633956,
0,0,0.9999859298537223,1.4070146277778387E-5,
0,0,1.0,2.136374589252729E-54,
0,1,2.1602381284418001E-4,0.9997839761871558,
0,0,0.8694974921677353,0.1305025078322647,
0,1,0.2843186653506882,0.7156813346493118,
0,0,1.0,2.3840577216929747E-42,
0,0,0.9999834600941347,1.6539905865403233E-5,
0,0,0.9999933979435397,6.602056460312068E-6,
0,0,0.9999999018296072,9.817039284536226E-8,
0,1,0.030530841646346313,0.9694691583536538,
0,0,0.9178599060265623,0.0821400939734377,
0,0,0.8165305182863697,0.1834694817136303,
0,0,1.0,2.9124222933540807E-60,
0,0,0.6673069549719783,0.3326930450280216,
0,0,0.9999999967642537,3.2357464325975892E-9,
0,0,0.9155134622858896,0.08448653771411045,
0,1,0.43027694334969985,0.5697230566503001,
0,0,0.5461177659685591,0.4538822340314409,
0,0,0.8200855639122029,0.179914436087797,
0,1,0.020288728898693525,0.9797112711013064,
0,0,1.0,2.1275185981308768E-36,
0,0,0.9175419323343055,0.08245806766569462,
0,1,0.42306932940353864,0.5769306705964614,
0,0,0.9643258389839041,0.035674161016095794,
0,1,0.3133355794798949,0.686664420520105,
0,0,0.9999999576580423,4.2341957663120256E-8,
0,1,0.005855021313192721,0.9941449786868073,
0,0,0.9883290488954223,0.011670951104577809,
0,1,0.02906867442575911,0.9709313255742409,
0,0,1.0,2.471363969841041E-151,
0,0,0.9923426829819921,0.007657317018007917,
0,0,0.998972725940753,0.0010272740592469317,
0,1,0.4841884912290201,0.5158115087709799,
0,0,0.9998255860578626,1.744139421372922E-4,
0,0,1.0,1.3855907316624351E-42,
0,0,0.9999938258896443,6.1741103556631415E-6,
0,0,0.7500349461816592,0.24996505381834078,
0,0,1.0,1.1029749853211404E-19,
0,0,1.0,6.283260207427556E-20,
0,0,1.0,5.773637709261912E-25,
0,0,1.0,1.4212248402917573E-42,
0,0,0.9999998648636268,1.3513637308464993E-7,
0,0,1.0,1.4645996419652714E-70,
0,0,0.9999996033562845,3.9664371559794757E-7,
0,0,1.0,1.040395565592135E-34,
0,0,1.0,3.284575881913481E-20,
0,0,1.0,6.401823546253147E-54,
0,0,0.6839114933222247,0.31608850667777527,
0,0,0.9999999999847011,1.5298929023635917E-11,
0,0,1.0,2.185109264232888E-85,
0,0,1.0,1.0298148903915016E-55,
0,0,0.9999997814017014,2.1859829862531573E-7,
0,1,0.28188664673678926,0.7181133532632107,
0,0,1.0,4.966757181737678E-23,
0,1,0.11156760719433458,0.8884323928056654,
0,0,0.6895438783624678,0.3104561216375322,
0,0,1.0,8.87238942163795E-84,
0,0,1.0,1.5884963296977584E-212,
0,0,1.0,4.815063568026862E-58,
0,0,1.0,2.8229646592342646E-39,
0,0,1.0,2.917672751383261E-31,
0,0,1.0,9.301691227097685E-21,
0,0,0.9146652583097421,0.08533474169025781,
0,0,1.0,3.113427574858996E-17,
0,0,1.0,1.852590841742119E-61,
0,0,0.9932254338123272,0.006774566187672726,
0,1,0.19804778364810824,0.8019522163518917,
0,1,0.19804778364810824,0.8019522163518917,
0,0,1.0,2.2095912259070632E-67,
0,0,1.0,4.980838602517191E-19,
0,0,1.0,2.4868842509259135E-72,
0,0,1.0,1.6682938840078593E-25,
0,0,0.9999999998222922,1.7770780161386683E-10,
0,0,0.9979813714931142,0.002018628506885876,
0,0,0.999999274509939,7.254900610203667E-7,
0,0,0.998247803644886,0.0017521963551140856,
0,0,0.9997667171456077,2.3328285439215885E-4,
0,0,1.0,1.269594308173449E-24,
0,0,0.999956929034405,4.3070965594917825E-5,
0,0,0.9959176321508838,0.0040823678491160986,
0,0,1.0,9.235533878986938E-21,
0,0,0.9999645742612355,3.542573876441035E-5,
0,0,0.9999999999912241,8.775903767992144E-12,
0,0,0.9999999999912241,8.775903767992144E-12,
0,0,0.9999999999760762,2.3923771848624884E-11,
0,0,0.9999947574848719,5.242515128056956E-6,
0,1,0.29431921513265596,0.705680784867344,
0,0,1.0,5.246961923675999E-24,
0,0,0.9999973640559991,2.6359440008505337E-6,
0,0,1.0,4.774966131132259E-58,
0,0,1.0,1.4603955329430815E-70,
0,0,0.9999999990244124,9.755876572136293E-10,
0,0,0.8038552055350869,0.1961447944649131,
0,0,0.9999996368047512,3.631952486844735E-7,
0,1,0.26647259615698365,0.7335274038430164,
0,0,0.9999999999453413,5.465881959742291E-11,
0,1,0.1616112738047239,0.8383887261952762,
0,1,0.2723921311746984,0.7276078688253017,
0,0,1.0,3.82641081988306E-111,
0,0,0.5422603332803962,0.45773966671960375,
0,0,0.9999999999735334,2.646669274800506E-11,
0,0,1.0,4.8211315669935464E-58,
0,0,1.0,5.195715154527205E-86,
0,0,0.9999999999939873,6.01284426330419E-12,
0,0,1.0,1.4517385699630933E-28,
0,0,0.7831974130758896,0.21680258692411034,
0,0,1.0,3.0123107910731667E-31,
0,0,0.9999999392714197,6.072858028543625E-8,
0,0,0.8274444014214732,0.17255559857852673,
0,1,0.39965407510721773,0.6003459248927823,
0,0,0.999990646620842,9.353379158068025E-6,
0,0,0.9998287883032835,1.7121169671652009E-4,
0,0,1.0,2.6295438476694886E-79,
0,0,0.8455673376090944,0.15443266239090556,
0,1,0.3597454713615228,0.6402545286384773,
0,0,0.999999933194351,6.680564891505401E-8,
0,0,0.9997027689952287,2.972310047713489E-4,
0,0,0.9612507925038302,0.03874920749616985,
0,1,0.05070525570411165,0.9492947442958884,
0,0,0.9982407949512787,0.0017592050487212686,
0,1,0.16544239602351749,0.8345576039764825,
0,0,1.0,1.4350020776019152E-89,
0,0,0.9999999999958891,4.110879109479343E-12,
0,0,0.9999999943320304,5.667969642179164E-9,
0,0,0.8772224199098714,0.1227775800901287,
0,0,0.8188827669350396,0.18111723306496036,
0,0,0.9999999999999896,1.0364496727464845E-14,
0,0,1.0,7.37417604519144E-23,
0,0,1.0,2.4226817250663575E-221,
0,0,1.0,3.6727266273593776E-230,
0,0,0.9999999999969014,3.0986347143585856E-12,
0,0,0.9995302589434418,4.6974105655811385E-4,
0,1,0.39105774850894803,0.6089422514910521,
0,0,0.7796437337469311,0.2203562662530689,
0,1,0.2843186653506882,0.7156813346493118,
0,0,1.0,6.653485363664478E-34,
0,0,0.9998175400944065,1.8245990559339617E-4,
0,0,1.0,2.8436425469260897E-102,
0,0,0.9988422415260929,0.0011577584739071343,
0,0,1.0,4.229203346504084E-24,
0,0,0.8263702398075221,0.17362976019247792,
0,0,0.9996258939829792,3.7410601702083637E-4,
0,0,0.9999930129338583,6.987066141540814E-6,
0,0,1.0,9.83676363668564E-31,
0,0,0.7831939289515375,0.2168060710484624,
0,0,1.0,4.774966131132259E-58,
0,0,0.70564163186345,0.29435836813655003,
0,0,1.0,9.897623986106697E-44,
0,0,0.7758966137015517,0.22410338629844825,
0,0,1.0,4.774966131132259E-58,
0,0,1.0,4.774966131132259E-58,
0,0,1.0,4.774966131132259E-58,
0,0,0.7831939289515375,0.2168060710484624,
0,0,1.0,4.774966131132259E-58,
0,0,0.9396043903021252,0.06039560969787488,
0,0,1.0,4.774966131132259E-58,
0,0,1.0,4.774966131132259E-58,
0,0,1.0,9.900209986927979E-44,
0,0,1.0,4.774966131132259E-58,
0,0,1.0,4.774966131132259E-58,
0,0,0.7831962517056048,0.21680374829439533,
0,0,0.7831950903308207,0.21680490966917929,
0,0,1.0,4.774966131132259E-58,
0,0,1.0,4.774966131132259E-58,
0,0,1.0,4.774966131132259E-58,
0,0,1.0,4.774966131132259E-58,
0,0,1.0,4.774966131132259E-58,
0,0,0.7831950903308207,0.21680490966917929,
0,0,0.6039739934868527,0.39602600651314734,
0,0,1.0,4.7762129537737E-58,
0,0,1.0,4.774966131132259E-58,
0,0,0.7831950903308207,0.21680490966917929,
0,0,0.5887702996334725,0.4112297003665275,
0,0,0.7831974130758896,0.21680258692411034,
0,0,0.7831939289515375,0.2168060710484624,
0,0,1.0,4.774966131132259E-58,
0,0,1.0,4.774966131132259E-58,
0,0,0.7831962517056048,0.21680374829439533,
0,0,1.0,4.801241247610687E-58,
0,0,1.0,4.774966131132259E-58,
0,0,0.9907239673047463,0.00927603269525378,
0,0,0.717234657732739,0.28276534226726097,
0,0,1.0,4.774966131132259E-58,
0,0,1.0,3.7075461445129005E-58,
0,0,0.5987881512877337,0.4012118487122663,
0,0,1.0,4.774966131132259E-58,
0,0,0.7831950903308207,0.21680490966917929,
0,0,1.0,4.774966131132259E-58,
0,0,1.0,4.774966131132259E-58,
0,0,1.0,4.774966131132259E-58,
0,0,1.0,4.774966131132259E-58,
0,0,0.7831962517056048,0.21680374829439533,
0,0,1.0,4.774966131132259E-58,
0,0,1.0,4.774966131132259E-58,
0,0,1.0,4.774966131132259E-58,
0,0,1.0,4.774966131132259E-58,
0,0,1.0,4.774966131132259E-58,
0,0,1.0,4.774966131132259E-58,
0,0,1.0,4.774966131132259E-58,
0,0,0.717234657732739,0.28276534226726097,
0,0,1.0,4.774966131132259E-58,
0,0,1.0,3.88878281065199E-24,
0,0,0.7831939289515375,0.2168060710484624,
0,0,1.0,6.668069953621481E-29,
0,0,1.0,1.0931183221353235E-49,
0,0,1.0,1.0928329653710675E-49,
0,0,0.7831974130758896,0.21680258692411034,
0,0,1.0,4.774966131132259E-58,
0,0,1.0,4.774966131132259E-58,
0,0,1.0,4.774966131132259E-58,
0,0,1.0,4.774966131132259E-58,
0,0,1.0,4.7762129537737E-58,
0,0,1.0,4.774966131132259E-58,
0,0,1.0,4.774966131132259E-58,
0,0,1.0,4.774966131132259E-58,
0,0,1.0,4.774966131132259E-58,
0,0,1.0,4.774966131132259E-58,
0,0,1.0,4.774966131132259E-58,
0,0,1.0,4.774966131132259E-58,
0,0,1.0,4.774966131132259E-58,
0,0,1.0,4.774966131132259E-58,
0,0,1.0,4.774966131132259E-58,
0,0,1.0,4.774966131132259E-58,
0,0,1.0,4.774966131132259E-58,
0,0,1.0,4.774966131132259E-58,
0,0,1.0,4.774966131132259E-58,
0,0,0.9961758720155311,0.003824127984468757,
0,0,1.0,4.774966131132259E-58,
0,0,1.0,4.774966131132259E-58,
0,0,1.0,4.774966131132259E-58,
0,0,1.0,4.774966131132259E-58,
0,0,1.0,4.774966131132259E-58,
0,0,0.7831939289515375,0.2168060710484624,
0,0,0.7831950903308207,0.21680490966917929,
0,0,0.7002048472762827,0.29979515272371715,
0,0,1.0,4.774966131132259E-58,
0,0,1.0,4.774966131132259E-58,
0,0,1.0,4.774966131132259E-58,
0,0,1.0,4.774966131132259E-58,
0,0,1.0,5.867237777314172E-131,
0,0,1.0,5.441965245237934E-147,
0,0,1.0,4.160176904507601E-17,
0,0,1.0,4.774966131132259E-58,
0,0,0.7641317162411586,0.23586828375884136,
0,0,0.9581193778041447,0.04188062219585538,
0,0,0.7831939289515375,0.2168060710484624,
0,1,0.24441502506318089,0.7555849749368192,
0,0,0.7831939289515375,0.2168060710484624,
0,0,0.7831939289515375,0.2168060710484624,
0,0,0.7831950903308207,0.21680490966917929,
0,0,0.7831939289515375,0.2168060710484624,
0,0,0.7831939289515375,0.2168060710484624,
0,0,0.7831950903308207,0.21680490966917929,
0,0,0.7831939289515375,0.2168060710484624,
0,0,0.7831939289515375,0.2168060710484624,
0,0,0.7831939289515375,0.2168060710484624,
0,0,0.6449451027237805,0.35505489727621947,
0,0,1.0,3.0686073639910936E-20,
0,1,0.0037776920250806316,0.9962223079749194,
0,0,0.9997282509008832,2.7174909911681334E-4,
0,0,0.9765350868394655,0.023464913160534406,
0,0,0.994689832279057,0.005310167720943018,
0,0,0.9998393627675115,1.6063723248848228E-4,
0,0,1.0,5.374872532610051E-21,
0,1,6.20452338690616E-10,0.9999999993795476,
0,0,1.0,2.120154490642772E-129,
0,0,1.0,8.315215303332381E-21,
0,1,0.20001238757363474,0.7999876124263653,
0,0,0.9568822077262289,0.04311779227377109,
0,0,0.7642332397154594,0.23576676028454072,
0,0,0.999999591668526,4.083314739880331E-7,
0,0,0.9999999336414764,6.63585236842101E-8,
0,0,0.999999999999988,1.2068030275121248E-14,
0,0,0.9999994578323272,5.421676728318706E-7,
0,0,0.9999144465096239,8.555349037594455E-5,
0,0,0.9992962988822448,7.037011177552433E-4,
0,0,1.0,5.8996119711275435E-86,
0,1,0.30773513822836157,0.6922648617716384,
0,0,0.9152693897488866,0.08473061025111346,
0,0,0.9999294350173598,7.056498264012152E-5,
0,0,1.0,2.1193139916718165E-21,
0,0,1.0,3.474609671350528E-17,
0,0,0.9999999999968257,3.174373224728756E-12,
0,0,0.9999812214655034,1.8778534496593014E-5,
0,0,0.9999999999999492,5.084996885035938E-14,
0,0,0.9999999995759328,4.2406729442945513E-10,
0,0,0.9942137968827065,0.005786203117293505,
0,0,0.7831950903308207,0.21680490966917929,
0,0,0.6834498744975003,0.3165501255024998,
0,0,0.9999995126219798,4.873780202609919E-7,
0,0,1.0,1.482912667907754E-17,
0,0,1.0,9.798993485570992E-17,
0,0,1.0,3.8502994711153685E-18,
0,0,0.9999999114307937,8.85692063950867E-8,
0,1,0.07329613838955512,0.9267038616104448,
0,0,0.9983197137307851,0.0016802862692148713,
0,0,0.9946836413225454,0.005316358677454587,
0,0,1.0,3.7389769719815483E-32,
0,1,1.4691790899560928E-5,0.9999853082091005,
0,0,1.0,1.2375292889053381E-212,
0,0,0.9999987773951415,1.2226048585681893E-6,
0,0,0.9996030350162035,3.969649837965087E-4,
0,0,0.9996030350162035,3.969649837965087E-4,
0,0,1.0,8.950523976046495E-50,
0,0,0.9999833025936218,1.6697406378263613E-5,
0,1,0.017423036076655365,0.9825769639233446,
0,0,1.0,3.333063706805359E-81,
0,0,0.9971157277139282,0.0028842722860717386,
0,0,0.9999999998355291,1.6447086273731211E-10,
0,0,0.9023249022529864,0.09767509774701362,
0,0,1.0,1.3825225614192101E-17,
0,0,0.9958178311564992,0.004182168843500707,
0,0,1.0,5.268351038229012E-33,
0,0,0.8654319716977033,0.1345680283022968,
0,1,0.3876264935411221,0.6123735064588778,
0,0,1.0,1.466370466582161E-70,
0,0,1.0,5.264335319515264E-41,
0,0,1.0,5.001989012285975E-20,
0,0,0.9999999999999385,6.155431413155368E-14,
0,0,0.9986974764413732,0.0013025235586268526,
0,0,1.0,3.699227206747214E-44,
0,0,0.8803223592826862,0.11967764071731389,
0,0,0.7614028750417823,0.23859712495821764,
0,0,0.9999999999869769,1.3023101393651863E-11,
0,0,0.8418286222000008,0.15817137779999915,
0,0,1.0,1.0615530870769405E-41,
0,0,1.0,2.0092122849504695E-17,
0,1,0.03190288601169531,0.9680971139883046,
0,0,0.9999995395380117,4.604619883527701E-7,
0,0,0.9999999999999991,8.179744115056238E-16,
0,1,0.06453078552118288,0.9354692144788171,
0,0,0.9999614773081923,3.852269180779999E-5,
0,1,0.2843186653506882,0.7156813346493118,
0,0,0.7831939289515375,0.2168060710484624,
0,0,0.999999980522248,1.947775198763228E-8,
0,0,1.0,5.036111284207713E-46,
0,0,0.9995158105751352,4.84189424864992E-4,
0,0,0.9997291939506284,2.7080604937167646E-4,
0,0,0.9987448922624518,0.0012551077375482903,
0,0,0.9968465929155227,0.003153407084477357,
0,0,1.0,2.2263893964537251E-44,
0,1,4.869198847538263E-5,0.9999513080115245,
0,0,0.5969052401070734,0.4030947598929266,
0,0,0.915609759426017,0.08439024057398305,
0,0,1.0,9.351301963524638E-31,
0,0,0.999883137328494,1.168626715058783E-4,
0,0,0.6910292026439333,0.3089707973560668,
0,0,0.9991296590554695,8.703409445306118E-4,
0,0,1.0,4.4871797802170495E-82,
0,0,1.0,1.4218392800241753E-28,
0,1,0.11895681274304343,0.8810431872569565,
0,0,0.8498388288295656,0.15016117117043432,
0,0,0.9868561396372445,0.013143860362755552,
0,1,2.5695346300606695E-4,0.999743046536994,
0,0,0.6646864808493159,0.3353135191506841,
0,0,0.9999999999999964,3.4627414919840582E-15,
0,0,0.9999635244608802,3.6475539119755626E-5,
0,0,0.9914335667338813,0.008566433266118743,
0,1,0.056530637203511196,0.9434693627964887,
0,0,0.9939674685266406,0.0060325314733593,
0,0,1.0,1.6888596438351232E-66,
0,0,0.9999999996369018,3.63098146887746E-10,
0,0,0.9647223586489347,0.035277641351065196,
0,0,1.0,1.2178180559878015E-31,
0,0,0.5052633588749906,0.49473664112500937,
0,1,0.3079344760831681,0.6920655239168318,
0,1,0.41166531712625637,0.5883346828737437,
0,0,0.9999999540930887,4.590691127937798E-8,
0,1,0.33323714731086285,0.6667628526891372,
0,0,1.0,8.009530627654362E-45,
0,1,4.0565740181058347E-4,0.9995943425981894,
0,1,0.04533638082083723,0.9546636191791628,
0,0,0.5276272426406279,0.4723727573593721,
0,1,0.4029376694769524,0.5970623305230476,
0,0,1.0,1.8930739511399753E-46,
0,0,0.9767578638460136,0.023242136153986338,
0,0,1.0,2.327232943044106E-18,
0,0,1.0,1.1681569947612727E-47,
0,1,1.1007971447121507E-4,0.9998899202855288,
0,0,0.9999743944446491,2.5605555350932822E-5,
0,0,0.9999980162674015,1.983732598447367E-6,
0,0,0.9999999999999771,2.2885330611371284E-14,
0,0,0.717234657732739,0.28276534226726097,
0,0,0.9996757760321884,3.2422396781162707E-4,
0,0,1.0,6.824786399491285E-112,
0,0,1.0,1.1332717247965538E-17,
0,0,0.9971681026601446,0.0028318973398554605,
0,0,1.0,7.144209750258767E-121,
0,0,0.9991874301114515,8.125698885484552E-4,
0,0,0.9999999999996296,3.7027970525227987E-13,
0,0,0.9960937935719905,0.0039062064280096336,
0,0,0.999976165121017,2.3834878983096394E-5,
0,0,0.9999999976919438,2.3080561610795243E-9,
0,0,1.0,4.987909769018175E-69,
0,0,0.982939957564068,0.017060042435931948,
0,0,1.0,5.411869734395609E-21,
0,0,0.9996224450634802,3.775549365198285E-4,
0,0,1.0,1.6778982207959462E-72,
0,0,1.0,1.1398487789969017E-37,
0,1,0.4573463885099375,0.5426536114900625,
0,0,1.0,3.373658583854682E-30,
0,1,0.013563918256829099,0.986436081743171,
0,1,6.664834554785544E-9,0.9999999933351653,
0,1,0.00549158249191097,0.994508417508089,
0,0,0.9997547737937172,2.452262062828042E-4,
0,0,0.9999998999004986,1.0009950121781021E-7,
0,0,1.0,5.0567728611708254E-33,
0,0,1.0,7.585360753597348E-22,
0,0,0.9982453018551416,0.0017546981448583268,
0,0,0.9808719853291977,0.01912801467080231,
0,0,1.0,2.4276719547175738E-19,
0,0,0.9992182606864859,7.817393135140875E-4,
0,0,0.9999999998099516,1.900485311352137E-10,
0,0,0.9922217809633191,0.007778219036680852,
0,0,1.0,1.2703056262168839E-24,
0,0,0.7078403143193043,0.2921596856806956,
0,0,0.9999999999926623,7.337706908865929E-12,
0,0,0.9528725111719792,0.04712748882802082,
0,0,0.9999999999997766,2.2344576193107473E-13,
0,0,0.9999999999884981,1.1501844020990849E-11,
0,0,0.9970877957873548,0.00291220421264514,
0,0,0.9999999999966793,3.3207325412481985E-12,
0,0,1.0,2.318512989572282E-128,
0,0,0.9999999963349537,3.665046164678271E-9,
0,0,0.533988277936153,0.466011722063847,
0,0,0.9999889327021905,1.1067297809520479E-5,
0,0,0.9966912815470929,0.0033087184529071102,
0,0,0.9999999999342681,6.573181120105111E-11,
0,0,1.0,9.512838915551443E-31,
0,0,1.0,4.7566074592061384E-110,
0,0,0.9999721099840062,2.789001599375248E-5,
0,0,0.9999999999999969,3.0235682174093195E-15,
0,0,0.9898708398045746,0.010129160195425431,
0,0,0.9991102393819071,8.897606180928465E-4,
0,1,7.206118722721539E-4,0.9992793881277278,
0,0,1.0,3.0857521659078774E-27,
0,1,0.01806178495194924,0.9819382150480507,
0,0,1.0,2.6203218825303294E-35,
0,0,0.9999999999999971,2.806212118908442E-15,
0,1,0.00386414985059874,0.9961358501494012,
0,0,1.0,1.4987382789130752E-24,
0,0,0.9975198772951183,0.0024801227048817974,
0,0,1.0,8.171373406794221E-78,
0,0,0.9996786514155813,3.2134858441861555E-4,
0,0,0.9999999679797323,3.202026768505767E-8,
0,0,0.9999767293521122,2.327064788781243E-5,
0,0,1.0,8.992189286638229E-129,
0,0,0.9999999999903775,9.622535679222068E-12,
0,0,1.0,1.741163852053998E-97,
0,0,1.0,7.247198994017129E-25,
0,0,1.0,2.848343855599006E-30,
0,0,1.0,1.837095742977136E-17,
0,0,0.539790626540383,0.46020937345961704,
0,0,0.996968618134323,0.003031381865677044,
0,0,0.9999998887483162,1.1125168365073575E-7,
0,0,0.9982021738527488,0.0017978261472511427,
0,0,0.9999999999996056,3.942909601618713E-13,
0,0,1.0,9.636687082806887E-186,
0,1,0.3398111903952594,0.6601888096047405,
0,1,0.06996035089355848,0.9300396491064415,
0,1,4.988524471249651E-6,0.9999950114755288,
0,1,0.06067792221500285,0.9393220777849971,
0,0,0.9999454948553647,5.450514463521302E-5,
0,0,0.9999999999774154,2.258457084805019E-11,
0,1,0.005310608304770197,0.9946893916952299,
0,0,0.9999628513133526,3.714868664726102E-5,
0,0,0.5702061014207721,0.429793898579228,
0,1,0.338917781757975,0.6610822182420251,
0,0,0.9999999988793182,1.1206817177113553E-9,
0,1,0.4872042999798686,0.5127957000201314,
0,0,0.9852804100990792,0.014719589900920801,
0,0,0.9875277296693163,0.012472270330683722,
0,1,0.38266276926656323,0.6173372307334368,
0,1,0.2843186653506882,0.7156813346493118,
0,0,0.9995451162879685,4.548837120314055E-4,
0,0,1.0,1.0622337968407635E-32,
0,0,0.9999999999999993,7.377876395553616E-16,
0,0,1.0,5.435539407348957E-44,
0,0,0.9999999999999756,2.4406833124621055E-14,
0,0,1.0,7.255270840967298E-38,
0,0,1.0,2.0669686487721195E-91,
0,0,0.9999985692184631,1.4307815369609577E-6,
0,0,1.0,9.900209986927979E-44,
0,0,0.9623018342168379,0.03769816578316206,
0,0,0.9989982028332467,0.0010017971667531569,
0,0,0.9999999999562965,4.370345375386463E-11,
0,0,1.0,2.9156847476961007E-123,
0,0,0.5680782532712964,0.43192174672870365,
0,0,1.0,5.49614317265201E-83,
0,0,1.0,1.7652367401085306E-21,
0,0,0.9998691000599034,1.3089994009665397E-4,
0,0,0.9999990092061961,9.90793803962051E-7,
0,0,0.9990843447123718,9.156552876281557E-4,
0,0,0.9999988776537476,1.122346252391094E-6,
0,0,0.9688422460212496,0.031157753978750462,
0,1,9.295355817758395E-13,0.9999999999990705,
0,0,1.0,1.195739788230975E-30,
0,0,0.9996592591627604,3.407408372395745E-4,
0,0,1.0,6.987124352742264E-23,
0,0,1.0,1.680290785838576E-38,
0,0,0.9999999999999993,6.607775686021849E-16,
0,0,1.0,4.206668619852483E-105,
0,0,1.0,1.1028437830333138E-23,
0,0,0.7647575033972638,0.2352424966027362,
0,0,0.7513283436474273,0.24867165635257263,
0,0,1.0,1.9725967865625786E-19,
0,0,1.0,7.161509741633869E-61,
0,0,1.0,8.021929031813828E-34,
0,0,0.999999972196096,2.7803903866264497E-8,
0,1,0.042450606427549845,0.9575493935724503,
0,0,0.9999999999999998,2.1818869056468396E-16,
0,0,0.7439525743201951,0.2560474256798049,
0,0,1.0,1.1339106527647598E-26,
0,0,0.5554732068958042,0.44452679310419585,
0,0,0.9999999999999993,6.534511264656246E-16,
0,0,0.9999999999677989,3.220108893554912E-11,
0,0,0.9999987320046109,1.2679953890895266E-6,
0,0,0.9625835318543722,0.03741646814562785,
0,1,0.13262313283493796,0.867376867165062,
0,0,0.9999999998816673,1.1833272911851726E-10,
0,0,0.6396478771006898,0.3603521228993101,
0,0,1.0,1.999292729049319E-43,
0,1,0.49142216073079564,0.5085778392692043,
0,0,1.0,9.463668852963704E-21,
0,0,0.9999999999990006,9.995065486312601E-13,
0,0,0.9999995474505227,4.525494774483203E-7,
0,0,0.9899221105632742,0.010077889436725818,
0,0,1.0,4.425143375207651E-32,
0,0,0.8866693277670848,0.11333067223291511,
0,0,0.9822031208901589,0.017796879109841065,
0,0,0.9127461332402287,0.08725386675977127,
0,0,0.9999999996136726,3.863274917486292E-10,
0,0,0.9991935567786299,8.064432213701693E-4,
0,0,0.9660229645690428,0.03397703543095712,
0,0,1.0,4.338511101413749E-57,
0,0,0.9999999999963738,3.62611314683666E-12,
0,0,0.9999999997639581,2.3604180287560846E-10,
0,1,0.46510530570705183,0.5348946942929482,
0,0,0.9998582234022838,1.4177659771619097E-4,
0,0,0.9999999999999962,3.872315482267015E-15,
0,0,0.7458295485048609,0.25417045149513895,
0,0,0.6164490498965178,0.3835509501034822,
0,0,0.6171703540560654,0.3828296459439346,
0,1,0.4476159403244896,0.5523840596755103,
0,1,0.4782748160167091,0.5217251839832908,
0,0,1.0,5.334549875384925E-18,
0,1,0.3178553842372714,0.6821446157627287,
0,0,0.9999999980907648,1.9092351465296833E-9,
0,0,0.9999971017573995,2.898242600559272E-6,
0,0,0.9999999999164466,8.355345465055E-11,
0,1,0.001647334548083372,0.9983526654519166,
0,0,0.9999929124606415,7.087539358577345E-6,
0,0,0.9986990024573089,0.0013009975426911738,
0,0,0.9610683124262938,0.03893168757370628,
0,0,0.7614028750417823,0.23859712495821764,
0,0,0.7614028750417823,0.23859712495821764,
0,0,0.9999999996709901,3.2900995915370243E-10,
0,0,0.9999974284555283,2.5715444715898843E-6,
0,0,1.0,9.440224339219065E-22,
0,0,0.9999701375839088,2.9862416091256566E-5,
0,0,0.997738348111749,0.0022616518882509484,
0,0,1.0,2.431255401176764E-19,
0,1,0.2981051560149103,0.7018948439850897,
0,0,1.0,2.5057610493466303E-32,
0,0,1.0,3.289300660999066E-40,
0,1,2.277795865118583E-6,0.9999977222041349,
0,0,0.998943818856252,0.001056181143747832,
0,0,0.9999999999999847,1.5296462629984263E-14,
0,0,1.0,4.774966131132259E-58,
0,0,0.9999999999826523,1.7347728454836094E-11,
0,0,1.0,4.828924917046441E-58,
0,0,0.9999971625467261,2.8374532739480973E-6,
0,1,0.49305881286284525,0.5069411871371549,
0,0,1.0,1.5513030054288822E-21,
0,0,1.0,6.164260750890709E-33,
0,0,0.9994941764806803,5.058235193197133E-4,
0,0,0.9999999999966793,3.3207325412481985E-12,
0,0,0.9999999999985432,1.4569106265294124E-12,
0,0,0.9525587843261953,0.04744121567380471,
0,0,0.9999863621351819,1.3637864818005601E-5,
0,0,1.0,6.081115830034254E-19,
0,0,0.8245970054134285,0.17540299458657155,
0,0,0.9993847149354614,6.152850645385613E-4,
0,0,0.9999999896681521,1.033184783471359E-8,
0,0,0.9891369643358678,0.010863035664132102,
0,1,0.17278261079893603,0.827217389201064,
0,0,1.0,3.7516434589871695E-230,
0,0,1.0,4.462486747206307E-240,
0,0,1.0,2.3840402809586183E-31,
0,0,1.0,2.8296133491889346E-39,
0,0,1.0,3.390825945277014E-57,
0,0,1.0,9.13642461652175E-89,
0,0,1.0,2.255266601183706E-44,
0,0,0.9997920166438713,2.0798335612880658E-4,
0,0,0.5560803409695146,0.44391965903048536,
0,0,1.0,1.0510382968666327E-73,
0,0,0.9974678799780509,0.00253212002194906,
0,1,0.11819815401735098,0.881801845982649,
0,0,1.0,2.744695875344675E-31,
0,0,1.0,8.21842889612065E-99,
0,0,0.9121693512437459,0.08783064875625414,
0,0,1.0,1.6732037725023386E-89,
0,0,0.9441284317337587,0.05587156826624133,
0,0,0.9999999718517737,2.8148226399210676E-8,
0,0,1.0,7.824412073858581E-26,
0,0,1.0,2.368491726332314E-32,
0,0,1.0,4.2642094028399775E-240,
0,1,0.1543413569471159,0.8456586430528842,
0,1,0.31341021433608907,0.686589785663911,
0,0,1.0,1.9110136628179926E-22,
0,1,0.39005824967254477,0.6099417503274552,
0,0,0.7023254559677782,0.2976745440322218,
0,1,0.0385964499798307,0.9614035500201692,
0,1,0.3039897523248975,0.6960102476751026,
0,0,1.0,3.1679278591372893E-71,
0,0,0.7701723621307476,0.22982763786925242,
0,1,0.376843706682504,0.623156293317496,
0,0,0.660488931083198,0.3395110689168021,
0,1,0.35491589742598173,0.6450841025740182,
0,1,0.392421561694633,0.6075784383053671,
0,0,0.7991471825171014,0.20085281748289868,
0,0,1.0,2.0659668327778063E-54,
0,0,1.0,3.5496478387851434E-23,
0,0,1.0,2.586624291434552E-37,
0,0,0.999999996783931,3.216068960272391E-9,
0,1,0.35256072025245155,0.6474392797475484,
0,1,0.4716353718849127,0.5283646281150873,
0,1,0.2038643355061112,0.7961356644938887,
0,1,3.530101953805121E-5,0.999964698980462,
0,1,0.26955889961833074,0.7304411003816692,
0,1,0.33717712349287315,0.6628228765071269,
0,1,0.22335284309785386,0.7766471569021461,
0,1,0.4556329594067343,0.5443670405932657,
0,1,0.06229676981402505,0.937703230185975,
0,0,0.8055484283168011,0.19445157168319904,
0,0,0.5727402576504708,0.4272597423495292,
0,0,0.7891793539578056,0.2108206460421945,
0,0,0.592537937216696,0.40746206278330405,
0,1,0.29748142076381057,0.7025185792361894,
0,0,1.0,1.7026725701924438E-27,
0,0,0.7376729951379184,0.2623270048620816,
0,0,0.7410510665560013,0.2589489334439987,
0,0,0.7337334392723573,0.2662665607276427,
0,1,7.106171544341781E-14,0.999999999999929,
0,1,0.1210127283855281,0.8789872716144719,
0,0,0.9879730507239275,0.012026949276072407,
0,0,0.5021597024265985,0.49784029757340165,
0,0,0.9999934879688278,6.512031172145585E-6,
0,1,0.028678740609276953,0.971321259390723,
0,0,0.5327922718596623,0.4672077281403377,
0,0,0.9933700194096748,0.006629980590325099,
0,1,0.31613595834647007,0.68386404165353,
0,0,0.6868295704098383,0.31317042959016184,
0,0,0.9859484696235414,0.014051530376458534,
0,0,0.801432433384879,0.19856756661512093,
0,0,0.7838277285174824,0.21617227148251755,
0,0,0.9999999913516561,8.648344072468329E-9,
0,0,0.8207198419322493,0.17928015806775074,
0,0,0.9831107862481937,0.016889213751806374,
0,0,0.7201610086138949,0.2798389913861052,
0,1,0.3761728381809668,0.6238271618190331,
0,0,0.7244163930119581,0.2755836069880418,
0,0,0.5946848130442701,0.40531518695572993,
0,0,0.9981751310642831,0.0018248689357167865,
0,0,0.8882721773471424,0.11172782265285765,
0,1,0.4495615189391701,0.5504384810608299,
0,0,0.777370377884152,0.22262962211584802,
0,1,0.4013052161285021,0.5986947838714979,
0,1,0.33295121729715205,0.667048782702848,
0,1,3.310543486674373E-10,0.9999999996689457,
0,0,0.9908509940404715,0.00914900595952837,
0,0,0.7829961207563876,0.21700387924361242,
0,0,1.0,2.8750485868602744E-40,
0,0,0.8018093260471006,0.19819067395289922,
0,1,0.40344615789549326,0.5965538421045067,
0,0,0.9475478924129597,0.052452107587040324,
0,0,0.9999050874160637,9.49125839363747E-5,
0,1,0.49960439566664244,0.5003956043333576,
0,0,0.6406618954098392,0.3593381045901609,
0,1,0.40299411888842035,0.5970058811115796,
0,1,0.07427589997583102,0.925724100024169,
0,1,0.23716563765455187,0.7628343623454481,
0,1,0.3570201140270809,0.6429798859729191,
0,0,0.8832096878803889,0.11679031211961113,
0,1,0.4818827891516949,0.5181172108483051,
0,1,0.007998362546080922,0.9920016374539191,
0,1,0.38463344165638463,0.6153665583436154,
0,1,0.4580993921070176,0.5419006078929823,
0,1,0.0831966376631947,0.9168033623368054,
0,1,0.41533048888727764,0.5846695111127224,
0,1,3.084266223664496E-4,0.9996915733776335,
0,1,0.4743793870064665,0.5256206129935335,
0,0,0.5727575719315595,0.4272424280684405,
0,1,0.09524104454424369,0.9047589554557562,
0,1,0.49452057448046477,0.5054794255195353,
0,1,0.025689238319983047,0.9743107616800171,
0,1,1.8736119669654375E-10,0.9999999998126388,
0,1,0.26912392288859066,0.7308760771114093,
0,1,0.3298161552609146,0.6701838447390853,
0,1,0.2678833606208734,0.7321166393791266,
0,1,0.0021085755894919805,0.997891424410508,
0,1,0.00736838147864384,0.9926316185213562,
0,0,0.9957345228090807,0.004265477190919391,
0,0,0.6856802077039127,0.3143197922960873,
0,1,0.2762490629887682,0.7237509370112317,
0,1,0.15376040190545143,0.8462395980945486,
0,1,0.025010726384581135,0.9749892736154189,
0,0,0.5251566317803843,0.47484336821961576,
0,0,0.9997197866032332,2.8021339676670545E-4,
0,0,0.5964284368315675,0.40357156316843246,
0,0,0.992036259339907,0.007963740660093048,
0,0,1.0,5.236397268096975E-20,
0,0,1.0,7.081221609234597E-46,
0,0,0.7831962517056048,0.21680374829439533,
0,1,0.1839194406810326,0.8160805593189675,
0,0,0.9940633668420077,0.00593663315799221,
0,0,0.8430877700972702,0.15691222990272988,
0,1,0.23256013944876003,0.76743986055124,
0,0,0.6835099672328558,0.3164900327671442,
0,1,0.023476658455941393,0.9765233415440586,
0,1,0.1509118939017034,0.8490881060982967,
0,1,0.31949210485952545,0.6805078951404745,
0,1,0.08265371370602645,0.9173462862939734,
0,1,0.24642125050813657,0.7535787494918634,
0,1,0.23962530636483945,0.7603746936351605,
0,1,0.1041344717237203,0.8958655282762796,
0,1,0.08102105691621417,0.9189789430837858,
0,0,0.54547776663258,0.45452223336742015,
0,1,0.44238294360555463,0.5576170563944454,
0,1,0.20217974200209357,0.7978202579979065,
0,0,0.6943721904418623,0.3056278095581377,
0,1,0.3100053755635562,0.6899946244364439,
0,1,0.15401576412272167,0.8459842358772783,
0,1,0.35373962412935755,0.6462603758706426,
0,1,0.30480044060429473,0.6951995593957052,
0,1,0.06660829334761087,0.9333917066523891,
0,1,0.08406265650405181,0.9159373434959481,
0,1,0.38556280923643316,0.6144371907635668,
0,1,0.39504694087697584,0.6049530591230242,
0,1,0.3887308826354516,0.6112691173645485,
0,1,0.4477690361369483,0.5522309638630518,
0,0,0.5838516496614192,0.41614835033858066,
0,0,0.5938890426443835,0.4061109573556165,
0,0,0.8233229984568663,0.17667700154313362,
0,1,0.20777174592803235,0.7922282540719676,
0,1,0.0630008252370969,0.9369991747629031,
0,1,0.29178451566195857,0.7082154843380414,
0,0,0.8309712337788723,0.16902876622112784,
0,1,0.12360536688473987,0.8763946331152602,
0,1,0.10671708501322552,0.8932829149867744,
0,1,0.31391398136847387,0.6860860186315262,
0,1,0.1557703066029205,0.8442296933970795,
0,1,0.3046063539442046,0.6953936460557953,
0,1,0.11839422461057801,0.881605775389422,
0,1,0.04799186959723578,0.9520081304027642,
0,1,0.2228709162829571,0.7771290837170428,
0,0,0.6442247714865835,0.3557752285134165,
0,0,0.5004787494776584,0.4995212505223416,
0,0,0.5958372306893626,0.40416276931063744,
0,1,0.18531340694386483,0.8146865930561352,
0,1,0.36483735873070877,0.6351626412692911,
0,1,0.15028749909728872,0.8497125009027112,
0,1,0.012092368563028075,0.9879076314369719,
0,1,0.06601415486578818,0.9339858451342119,
0,1,3.4316404700585957E-4,0.9996568359529943,
0,1,5.6483462376694733E-5,0.9999435165376233,
0,1,0.06804081419073522,0.9319591858092648,
0,1,0.34676469050252207,0.6532353094974779,
0,1,0.01890207910629583,0.9810979208937043,
0,0,0.5767482678926469,0.4232517321073531,
0,1,0.020871792785302355,0.9791282072146977,
0,0,0.9372310268579279,0.062768973142072,
0,0,0.9926216470456524,0.00737835295434761,
0,0,0.9789049519105334,0.021095048089466457,
0,1,0.01798397218988868,0.9820160278101113,
0,0,0.9999904475734325,9.552426567560933E-6,
0,1,0.07419932795677249,0.9258006720432276,
0,1,0.08122623711491685,0.9187737628850833,
0,0,0.5330901976410183,0.4669098023589818,
0,1,0.4494597472789363,0.5505402527210638,
0,0,0.8381278019895055,0.1618721980104945,
0,1,1.3857721827242127E-4,0.9998614227817275,
0,1,0.0015251683329378985,0.998474831667062,
0,1,8.244480740614661E-4,0.9991755519259384,
0,0,0.7291002354797913,0.2708997645202088,
0,0,0.7780701468383537,0.2219298531616463,
0,1,0.013002384811429407,0.9869976151885705,
0,1,1.2617168314157237E-4,0.9998738283168584,
0,1,0.3865278409053334,0.6134721590946667,
0,1,0.43990519583412196,0.5600948041658781,
0,1,0.14145649670774993,0.8585435032922502,
0,0,0.739105635243252,0.26089436475674804,
0,0,0.5927577807328416,0.4072422192671583,
0,1,0.07793502366948456,0.9220649763305154,
0,1,0.49562991885751845,0.5043700811424816,
0,1,0.34197555293115345,0.6580244470688467,
0,0,0.7953258942637276,0.2046741057362723,
0,1,0.190261611119281,0.8097383888807189,
0,0,0.5581683723654371,0.44183162763456296,
0,1,0.23258781398937275,0.7674121860106272,
0,1,0.13216050441179136,0.8678394955882085,
0,0,1.0,6.0993886367658615E-43,
0,1,0.28106796889704494,0.7189320311029551,
0,0,1.0,2.821485829489951E-20,
0,0,0.9999243437707153,7.565622928481818E-5,
0,0,0.7635839386573005,0.23641606134269957,
0,1,0.4178337292270275,0.5821662707729724,
0,0,0.8871744205613239,0.11282557943867617,
0,0,0.6094488894956247,0.3905511105043754,
0,1,0.2874346495234293,0.7125653504765707,
0,0,0.9999785240208839,2.1475979116137655E-5,
0,1,3.4844680420935795E-5,0.9999651553195792,
0,1,0.0011439887042241062,0.9988560112957758,
0,1,6.413825092239346E-4,0.999358617490776,
0,1,0.15510414730493421,0.8448958526950658,
0,0,0.6933662399175473,0.3066337600824527,
0,1,0.2912285368880701,0.7087714631119298,
0,0,0.7857340658166588,0.21426593418334117,
0,1,0.26378159420829744,0.7362184057917026,
0,1,0.2269384133222772,0.7730615866777228,
0,1,0.4140190761346638,0.5859809238653361,
0,1,0.21213403356260413,0.7878659664373959,
0,0,0.8233392485013191,0.17666075149868093,
0,0,0.801214241041923,0.19878575895807715,
0,1,0.01185808272144075,0.9881419172785592,
0,1,0.005813161372292155,0.9941868386277077,
0,1,0.004195112758168961,0.9958048872418311,
0,1,0.027488078410230543,0.9725119215897695,
0,1,1.7432844541470055E-4,0.9998256715545852,
0,0,0.9473215720598228,0.052678427940177144,
0,1,0.11812637998011026,0.8818736200198898,
0,0,1.0,8.094940271580177E-33,
0,1,5.5603997219776825E-84,1.0,
0,1,1.0005753545949088E-76,1.0,
0,1,1.62398795889332E-69,1.0,
0,1,5.780620281425615E-84,1.0,
0,1,5.2662663383400745E-79,1.0,
0,1,0.017517560606043567,0.9824824393939564,
0,1,0.0023487919538416773,0.9976512080461583,
0,1,0.001412676351413965,0.998587323648586,
0,1,1.1384683204408707E-105,1.0,
0,1,0.07271641848183989,0.9272835815181603,
0,1,1.1133895188593928E-95,1.0,
0,1,0.004722980604401489,0.9952770193955985,
0,1,0.00870327419819346,0.9912967258018065,
0,0,0.9999997463647544,2.53635245524719E-7,
0,0,0.9999999999999989,1.0803245228791525E-15,
0,0,0.9999999999989031,1.0967963037416368E-12,
0,0,0.9999999769044375,2.309556252277721E-8,
0,0,0.9302425494776414,0.06975745052235846,
0,0,1.0,3.2482304021405334E-22,
0,0,0.9999999976036822,2.3963177699667792E-9,
0,0,0.6358607302697059,0.36413926973029404,
0,0,0.6054593833077502,0.3945406166922497,
0,1,0.1335675394348488,0.8664324605651512,
0,1,9.698257045995618E-5,0.9999030174295401,
0,1,0.0013914504880841393,0.9986085495119159,
0,0,0.9241008021687961,0.07589919783120389,
0,0,0.9729260696276135,0.027073930372386604,
0,0,0.5993864489065545,0.4006135510934455,
0,1,0.4917242572325963,0.5082757427674037,
0,0,0.6027324139435831,0.3972675860564169,
0,0,0.9999823859217541,1.7614078245901635E-5,
0,1,0.46930739653072095,0.530692603469279,
0,0,0.6149946972559142,0.38500530274408584,
0,1,0.07206385355007108,0.927936146449929,
0,1,0.10603203672507279,0.8939679632749272,
0,1,0.26116055676375766,0.7388394432362423,
0,1,0.26005015524061204,0.739949844759388,
0,1,3.5750454516488605E-94,1.0,
0,0,0.7698968909883732,0.2301031090116269,
0,1,3.5341702212306783E-10,0.9999999996465829,
0,1,5.044485914723362E-78,1.0,
0,0,0.6106806966370517,0.3893193033629484,
0,0,0.6999315454998755,0.3000684545001245,
0,1,5.531894758015138E-92,1.0,
0,1,5.843644714417079E-66,1.0,
0,1,1.9728088793960225E-24,1.0,
0,1,6.471791546187035E-67,1.0,
0,1,4.55781619135542E-65,1.0,
0,0,0.5564391584985577,0.44356084150144226,
0,0,0.9940408950838385,0.005959104916161411,
0,1,0.16855645170801412,0.8314435482919859,
0,1,0.2948065390316082,0.7051934609683919,
0,0,0.7291629859422653,0.27083701405773486,
0,0,0.5840555081096185,0.4159444918903816,
0,1,8.798870983461536E-7,0.9999991201129016,
0,0,0.9992739909039665,7.260090960334581E-4,
0,1,0.0020413967983084957,0.9979586032016916,
0,0,0.5633118556436099,0.4366881443563902,
0,1,0.3120314615643712,0.6879685384356287,
0,1,0.28895979024087,0.71104020975913,
0,1,0.01340722486282615,0.9865927751371738,
0,1,0.2477219287942354,0.7522780712057645,
0,1,1.8435887146493007E-14,0.9999999999999816,
0,1,0.36528981636847313,0.6347101836315269,
0,0,0.5033704873713857,0.49662951262861427,
0,0,0.6454958056615614,0.35450419433843866,
0,0,0.999991111710633,8.888289367002031E-6,
0,1,0.38404024235098605,0.6159597576490139,
0,0,0.8606522474207269,0.139347752579273,
0,0,0.9999403144038753,5.96855961245593E-5,
0,0,0.9991074948843138,8.925051156861847E-4,
0,1,0.015412643983884594,0.9845873560161155,
0,1,0.09022659253352136,0.9097734074664787,
0,1,1.071801035313037E-4,0.9998928198964688,
0,1,0.2892792554606774,0.7107207445393225,
0,1,0.23346345664035173,0.7665365433596483,
0,1,0.32337620656581495,0.676623793434185,
0,1,0.19720379041368347,0.8027962095863165,
0,0,0.5543405969645521,0.445659403035448,
0,0,0.5543405969645521,0.445659403035448,
0,1,0.19100311400138864,0.8089968859986114,
0,0,0.8409912453471894,0.15900875465281053,
0,1,0.41484373445186773,0.5851562655481323,
0,0,0.5647299701045487,0.4352700298954512,
0,1,0.09323274803050614,0.9067672519694938,
0,1,0.03953462936083693,0.960465370639163,
0,0,0.7831939289515375,0.2168060710484624,
0,1,0.02088076024909624,0.9791192397509039,
0,1,0.022772703229946904,0.9772272967700532,
0,0,0.5443637599220741,0.45563624007792586,
0,1,0.004552401177383245,0.9954475988226168,
0,0,0.9941727563929396,0.00582724360706049,
0,0,0.5128538121914388,0.48714618780856117,
0,0,0.6224214190603822,0.37757858093961777,
0,0,0.6892224002099473,0.3107775997900527,
0,1,1.2460168281697082E-59,1.0,
0,1,0.23284466489800748,0.7671553351019925,
0,0,0.7831950903308207,0.21680490966917929,
0,0,0.5652552618248815,0.4347447381751184,
0,0,0.9999980155982388,1.9844017613383786E-6,
0,1,4.6919679886915395E-4,0.9995308032011307,
0,0,0.507310355680852,0.49268964431914797,
0,0,0.7831939289515375,0.2168060710484624,
0,1,0.44381560358942496,0.5561843964105752,
0,0,0.9999964693016837,3.530698316397894E-6,
0,1,0.3713718713585055,0.6286281286414945,
0,0,0.6426269016851133,0.3573730983148867,
0,1,0.0959741330990488,0.9040258669009513,
0,1,0.4940854464561865,0.5059145535438135,
0,0,0.6262514354256888,0.37374856457431116,
0,1,0.4386990734335464,0.5613009265664536,
0,0,0.505820997127689,0.4941790028723111,
0,1,0.1310148076071813,0.8689851923928187,
0,0,0.9009728945338957,0.09902710546610424,
0,1,0.24154489353323674,0.7584551064667633,
0,1,0.00810108060424205,0.9918989193957579,
0,1,0.44483201268317335,0.5551679873168267,
0,1,0.10660837364315985,0.8933916263568401,
0,1,0.29444767798464133,0.7055523220153586,
0,1,0.0051835061626928775,0.9948164938373071,
0,0,0.786182072975435,0.21381792702456504,
0,1,9.557828546438432E-6,0.9999904421714536,
0,1,6.214952990563245E-4,0.9993785047009437,
0,1,2.6835041840312426E-4,0.9997316495815969,
0,0,0.9989312509790982,0.0010687490209019084,
0,0,1.0,1.1068382975911077E-28,
0,0,0.9999331290195318,6.687098046830208E-5,
0,1,0.037067391310811215,0.9629326086891888,
0,1,0.06090796454247992,0.9390920354575202,
0,0,0.6596082063342814,0.3403917936657187,
0,1,0.08738010679937969,0.9126198932006203,
0,1,1.6412153568562992E-4,0.9998358784643144,
0,1,0.14309068213531506,0.8569093178646848,
0,1,0.42578981664962096,0.5742101833503791,
0,1,0.1509781797053521,0.8490218202946479,
0,1,0.11405096921863445,0.8859490307813656,
0,1,0.02306757325147379,0.9769324267485263,
0,1,0.3771457787258787,0.6228542212741214,
0,1,0.06866912656374748,0.9313308734362525,
0,1,3.40047980446488E-7,0.9999996599520196,
0,0,0.7273888555072274,0.2726111444927725,
0,0,0.9999991778410684,8.221589314768586E-7,
0,0,0.5232066110686221,0.476793388931378,
0,1,4.6705866917580705E-5,0.9999532941330825,
0,1,0.24403002324968687,0.7559699767503131,
0,0,0.6709139352100664,0.32908606478993363,
0,1,0.10525348082671478,0.8947465191732852,
0,1,0.04618491252119173,0.9538150874788084,
0,1,0.43164485372175787,0.5683551462782421,
0,0,0.5204759814236651,0.47952401857633487,
0,1,0.045784046961890916,0.9542159530381091,
0,1,0.007302175270278464,0.9926978247297215,
0,1,0.05307566510792559,0.9469243348920744,
0,1,0.22038034448793062,0.7796196555120694,
0,0,0.9997846017957722,2.153982042277227E-4,
0,0,0.9699746819026477,0.030025318097352368,
0,0,0.999428036379303,5.719636206969783E-4,
0,0,0.9999995543198769,4.4568012320083027E-7,
0,1,0.4418283794553285,0.5581716205446714,
0,1,0.0323330861506716,0.9676669138493283,
0,1,0.010524289926535028,0.989475710073465,
0,1,0.08193416961150955,0.9180658303884903,
0,1,6.000260176067704E-6,0.9999939997398238,
0,1,0.06158060369394652,0.9384193963060534,
0,1,0.469331792571764,0.5306682074282361,
0,1,1.2062867951890471E-4,0.9998793713204812,
0,1,0.025184434837057568,0.9748155651629425,
0,1,9.916478936810125E-4,0.999008352106319,
0,1,0.01741528383869295,0.9825847161613069,
0,1,0.011373018567349536,0.9886269814326505,
0,1,0.024650814966407725,0.9753491850335924,
0,1,0.02679259707036291,0.9732074029296371,
0,1,0.022869420112203928,0.9771305798877961,
0,1,0.05012296796162717,0.9498770320383729,
0,1,0.05012296796162717,0.9498770320383729,
0,0,0.9582543153020319,0.041745684697968195,
0,1,0.05012296796162717,0.9498770320383729,
0,1,0.004104849671904819,0.9958951503280951,
0,1,0.1572532084260756,0.8427467915739244,
0,1,0.0073175077422567,0.9926824922577433,
0,0,0.9629900229634363,0.0370099770365637,
0,1,0.33895277308247573,0.6610472269175244,
0,1,0.03319448598532724,0.9668055140146726,
0,0,0.999404346368228,5.956536317720465E-4,
0,0,0.9999992970072776,7.02992722437044E-7,
0,0,0.9999999999999993,5.897057653020733E-16,
0,0,0.9999999328147601,6.718524002597346E-8,
0,1,0.3564457475482269,0.6435542524517732,
0,1,0.14110453149775737,0.8588954685022426,
0,0,0.9974677618264913,0.0025322381735086775,
0,0,0.9999838057619532,1.619423804671023E-5,
0,0,0.9999920042821149,7.995717884990293E-6,
0,0,0.8822711581830686,0.11772884181693147,
0,1,0.08554242956924317,0.9144575704307567,
0,1,2.9208054052353326E-13,0.999999999999708,
0,1,0.22308791308049786,0.7769120869195021,
0,1,0.0020365515397712326,0.9979634484602288,
0,1,0.23214071515262424,0.7678592848473758,
0,1,2.89029398759803E-15,0.9999999999999971,
0,0,1.0,5.231886213385195E-27,
0,0,0.5459334817080979,0.4540665182919021,
0,0,1.0,1.1578702775734627E-29,
0,0,0.9011803748604936,0.09881962513950636,
0,0,0.946728846036573,0.053271153963426965,
0,0,0.9988967678640283,0.0011032321359717317,
0,0,0.9999950404403183,4.959559681784481E-6,
0,0,1.0,1.2324931006775141E-108,
0,0,1.0,4.59376061843132E-68,
0,0,0.9999999999999867,1.3429360928808816E-14,
0,0,0.7005126718179651,0.299487328182035,
0,0,1.0,6.409363585309318E-48,
0,1,0.40393212006466106,0.5960678799353388,
0,1,0.17708693221065336,0.8229130677893467,
0,0,0.9999969297333472,3.070266652844264E-6,
0,0,0.742956855452845,0.2570431445471551,
0,1,0.14175584098236185,0.8582441590176382,
0,1,0.4156097819791758,0.5843902180208241,
0,1,0.010902441053002181,0.9890975589469978,
0,1,0.022857960828495165,0.9771420391715049,
0,0,0.999521846953489,4.7815304651100055E-4,
0,0,0.5839846368381434,0.4160153631618566,
0,1,0.0021728508142790127,0.9978271491857211,
0,1,2.6448426584384666E-6,0.9999973551573414,
0,0,0.698123691080598,0.3018763089194019,
0,1,0.28843026193656524,0.7115697380634347,
0,1,0.37466066924659264,0.6253393307534073,
0,0,0.8297721528820128,0.17022784711798716,
0,1,0.1832492452499954,0.8167507547500046,
0,1,0.2981056598164092,0.7018943401835909,
0,0,0.6938915834326667,0.30610841656733334,
0,1,0.233007645652585,0.766992354347415,
0,0,0.9687583255909842,0.031241674409015954,
0,0,0.9920232783790219,0.007976721620978115,
0,1,0.4826900128424052,0.5173099871575947,
0,0,0.7310302269349188,0.26896977306508113,
0,0,0.9999999891287844,1.0871215620798912E-8,
0,1,0.17118178890589514,0.8288182110941048,
0,0,0.9999484552964674,5.154470353271748E-5,
0,0,0.6438984166687263,0.3561015833312738,
0,0,0.7374352302983389,0.262564769701661,
0,1,0.08964733718098943,0.9103526628190106,
0,1,0.4189249777775556,0.5810750222224443,
0,0,0.604255905056196,0.3957440949438039,
0,0,0.5905893973936752,0.40941060260632467,
0,0,0.6442039712518818,0.3557960287481183,
0,1,0.0041131178830