3,0,0.9615384615384616,0.028846153846153848,0.009615384615384616,0.0,0.0,0.0,
3,0,0.9615384615384616,0.028846153846153848,0.009615384615384616,0.0,0.0,0.0,
3,0,0.9615384615384616,0.028846153846153848,0.009615384615384616,0.0,0.0,0.0,
3,0,0.9615384615384616,0.028846153846153848,0.009615384615384616,0.0,0.0,0.0,
3,0,0.9615384615384616,0.028846153846153848,0.009615384615384616,0.0,0.0,0.0,
3,0,0.9615384615384616,0.028846153846153848,0.009615384615384616,0.0,0.0,0.0,
3,0,0.9615384615384616,0.028846153846153848,0.009615384615384616,0.0,0.0,0.0,
3,0,0.9615384615384616,0.028846153846153848,0.009615384615384616,0.0,0.0,0.0,
3,0,0.9615384615384616,0.028846153846153848,0.009615384615384616,0.0,0.0,0.0,
3,0,0.9615384615384616,0.028846153846153848,0.009615384615384616,0.0,0.0,0.0,
3,0,0.9615384615384616,0.028846153846153848,0.009615384615384616,0.0,0.0,0.0,
3,0,0.9615384615384616,0.028846153846153848,0.009615384615384616,0.0,0.0,0.0,
3,0,0.9615384615384616,0.028846153846153848,0.009615384615384616,0.0,0.0,0.0,
3,0,0.9615384615384616,0.028846153846153848,0.009615384615384616,0.0,0.0,0.0,
3,0,0.9615384615384616,0.028846153846153848,0.009615384615384616,0.0,0.0,0.0,
3,0,0.9615384615384616,0.028846153846153848,0.009615384615384616,0.0,0.0,0.0,
3,0,0.9615384615384616,0.028846153846153848,0.009615384615384616,0.0,0.0,0.0,
3,0,0.9615384615384616,0.028846153846153848,0.009615384615384616,0.0,0.0,0.0,
3,0,0.9615384615384616,0.028846153846153848,0.009615384615384616,0.0,0.0,0.0,
3,0,0.9615384615384616,0.028846153846153848,0.009615384615384616,0.0,0.0,0.0,
3,0,0.9615384615384616,0.028846153846153848,0.009615384615384616,0.0,0.0,0.0,
3,0,0.9615384615384616,0.028846153846153848,0.009615384615384616,0.0,0.0,0.0,
3,0,0.9615384615384616,0.028846153846153848,0.009615384615384616,0.0,0.0,0.0,
3,0,0.9615384615384616,0.028846153846153848,0.009615384615384616,0.0,0.0,0.0,
3,0,0.9615384615384616,0.028846153846153848,0.009615384615384616,0.0,0.0,0.0,
3,0,0.9615384615384616,0.028846153846153848,0.009615384615384616,0.0,0.0,0.0,
3,0,0.9615384615384616,0.028846153846153848,0.009615384615384616,0.0,0.0,0.0,
3,0,0.9615384615384616,0.028846153846153848,0.009615384615384616,0.0,0.0,0.0,
3,0,0.9615384615384616,0.028846153846153848,0.009615384615384616,0.0,0.0,0.0,
3,0,0.9615384615384616,0.028846153846153848,0.009615384615384616,0.0,0.0,0.0,
3,0,0.9615384615384616,0.028846153846153848,0.009615384615384616,0.0,0.0,0.0,
3,0,0.9615384615384616,0.028846153846153848,0.009615384615384616,0.0,0.0,0.0,
3,0,0.9615384615384616,0.028846153846153848,0.009615384615384616,0.0,0.0,0.0,
3,0,0.9615384615384616,0.028846153846153848,0.009615384615384616,0.0,0.0,0.0,
3,0,0.9615384615384616,0.028846153846153848,0.009615384615384616,0.0,0.0,0.0,
3,0,0.9615384615384616,0.028846153846153848,0.009615384615384616,0.0,0.0,0.0,
3,0,0.9615384615384616,0.028846153846153848,0.009615384615384616,0.0,0.0,0.0,
3,0,0.9615384615384616,0.028846153846153848,0.009615384615384616,0.0,0.0,0.0,
3,0,0.9615384615384616,0.028846153846153848,0.009615384615384616,0.0,0.0,0.0,
3,0,0.9615384615384616,0.028846153846153848,0.009615384615384616,0.0,0.0,0.0,
3,0,0.9615384615384616,0.028846153846153848,0.009615384615384616,0.0,0.0,0.0,
3,0,0.9615384615384616,0.028846153846153848,0.009615384615384616,0.0,0.0,0.0,
3,0,0.9615384615384616,0.028846153846153848,0.009615384615384616,0.0,0.0,0.0,
3,0,0.9615384615384616,0.028846153846153848,0.009615384615384616,0.0,0.0,0.0,
3,0,0.9615384615384616,0.028846153846153848,0.009615384615384616,0.0,0.0,0.0,
3,0,0.9615384615384616,0.028846153846153848,0.009615384615384616,0.0,0.0,0.0,
3,0,0.9615384615384616,0.028846153846153848,0.009615384615384616,0.0,0.0,0.0,
3,0,0.9615384615384616,0.028846153846153848,0.009615384615384616,0.0,0.0,0.0,
3,0,0.9615384615384616,0.028846153846153848,0.009615384615384616,0.0,0.0,0.0,
3,0,0.9615384615384616,0.028846153846153848,0.009615384615384616,0.0,0.0,0.0,
3,0,0.9615384615384616,0.028846153846153848,0.009615384615384616,0.0,0.0,0.0,
3,0,0.9615384615384616,0.028846153846153848,0.009615384615384616,0.0,0.0,0.0,
3,0,0.9615384615384616,0.028846153846153848,0.009615384615384616,0.0,0.0,0.0,
3,0,0.9615384615384616,0.028846153846153848,0.009615384615384616,0.0,0.0,0.0,
3,0,0.9615384615384616,0.028846153846153848,0.009615384615384616,0.0,0.0,0.0,
3,0,0.9615384615384616,0.028846153846153848,0.009615384615384616,0.0,0.0,0.0,
3,0,0.9615384615384616,0.028846153846153848,0.009615384615384616,0.0,0.0,0.0,
3,0,0.9615384615384616,0.028846153846153848,0.009615384615384616,0.0,0.0,0.0,
3,0,0.9615384615384616,0.028846153846153848,0.009615384615384616,0.0,0.0,0.0,
3,0,0.9615384615384616,0.028846153846153848,0.009615384615384616,0.0,0.0,0.0,
3,0,0.9615384615384616,0.028846153846153848,0.009615384615384616,0.0,0.0,0.0,
3,0,0.9615384615384616,0.028846153846153848,0.009615384615384616,0.0,0.0,0.0,
3,0,0.9615384615384616,0.028846153846153848,0.009615384615384616,0.0,0.0,0.0,
3,0,0.9615384615384616,0.028846153846153848,0.009615384615384616,0.0,0.0,0.0,
3,0,0.9615384615384616,0.028846153846153848,0.009615384615384616,0.0,0.0,0.0,
3,0,0.9615384615384616,0.028846153846153848,0.009615384615384616,0.0,0.0,0.0,
3,0,0.9615384615384616,0.028846153846153848,0.009615384615384616,0.0,0.0,0.0,
3,0,0.9615384615384616,0.028846153846153848,0.009615384615384616,0.0,0.0,0.0,
3,0,0.9615384615384616,0.028846153846153848,0.009615384615384616,0.0,0.0,0.0,
3,0,0.9615384615384616,0.028846153846153848,0.009615384615384616,0.0,0.0,0.0,
3,0,0.9615384615384616,0.028846153846153848,0.009615384615384616,0.0,0.0,0.0,
3,0,0.9615384615384616,0.028846153846153848,0.009615384615384616,0.0,0.0,0.0,
3,0,0.9615384615384616,0.028846153846153848,0.009615384615384616,0.0,0.0,0.0,
3,0,0.9615384615384616,0.028846153846153848,0.009615384615384616,0.0,0.0,0.0,
3,0,0.9615384615384616,0.028846153846153848,0.009615384615384616,0.0,0.0,0.0,
3,0,0.9615384615384616,0.028846153846153848,0.009615384615384616,0.0,0.0,0.0,
3,0,0.9615384615384616,0.028846153846153848,0.009615384615384616,0.0,0.0,0.0,
3,0,0.9615384615384616,0.028846153846153848,0.009615384615384616,0.0,0.0,0.0,
3,0,0.9615384615384616,0.028846153846153848,0.009615384615384616,0.0,0.0,0.0,
3,0,0.9615384615384616,0.028846153846153848,0.009615384615384616,0.0,0.0,0.0,
3,0,0.9615384615384616,0.028846153846153848,0.009615384615384616,0.0,0.0,0.0,
3,0,0.9615384615384616,0.028846153846153848,0.009615384615384616,0.0,0.0,0.0,
3,0,0.9615384615384616,0.028846153846153848,0.009615384615384616,0.0,0.0,0.0,
3,0,0.9615384615384616,0.028846153846153848,0.009615384615384616,0.0,0.0,0.0,
3,0,0.9615384615384616,0.028846153846153848,0.009615384615384616,0.0,0.0,0.0,
3,0,0.9615384615384616,0.028846153846153848,0.009615384615384616,0.0,0.0,0.0,
3,0,0.9615384615384616,0.028846153846153848,0.009615384615384616,0.0,0.0,0.0,
3,0,0.9615384615384616,0.028846153846153848,0.009615384615384616,0.0,0.0,0.0,
3,0,0.9615384615384616,0.028846153846153848,0.009615384615384616,0.0,0.0,0.0,
3,0,0.9615384615384616,0.028846153846153848,0.009615384615384616,0.0,0.0,0.0,
3,0,0.9615384615384616,0.028846153846153848,0.009615384615384616,0.0,0.0,0.0,
3,0,0.9615384615384616,0.028846153846153848,0.009615384615384616,0.0,0.0,0.0,
3,0,0.9615384615384616,0.028846153846153848,0.009615384615384616,0.0,0.0,0.0,
3,0,0.9615384615384616,0.028846153846153848,0.009615384615384616,0.0,0.0,0.0,
3,0,0.9615384615384616,0.028846153846153848,0.009615384615384616,0.0,0.0,0.0,
3,0,0.9615384615384616,0.028846153846153848,0.009615384615384616,0.0,0.0,0.0,
3,0,0.9615384615384616,0.028846153846153848,0.009615384615384616,0.0,0.0,0.0,
3,0,0.9615384615384616,0.028846153846153848,0.009615384615384616,0.0,0.0,0.0,
3,0,0.9615384615384616,0.028846153846153848,0.009615384615384616,0.0,0.0,0.0,
3,0,0.9615384615384616,0.028846153846153848,0.009615384615384616,0.0,0.0,0.0,
4,2,0.0,0.0,1.0,0.0,0.0,0.0,
4,1,0.0,0.9444444444444444,0.05555555555555555,0.0,0.0,0.0,
4,2,0.0,0.0,1.0,0.0,0.0,0.0,
4,2,0.0,0.0,1.0,0.0,0.0,0.0,
4,1,0.0,0.9444444444444444,0.05555555555555555,0.0,0.0,0.0,
4,0,0.9615384615384616,0.028846153846153848,0.009615384615384616,0.0,0.0,0.0,
4,2,0.0,0.0,1.0,0.0,0.0,0.0,
4,2,0.0,0.0,1.0,0.0,0.0,0.0,
4,2,0.0,0.0,1.0,0.0,0.0,0.0,
4,2,0.0,0.0,1.0,0.0,0.0,0.0,
4,2,0.0,0.0,1.0,0.0,0.0,0.0,
4,2,0.0,0.0,1.0,0.0,0.0,0.0,
4,2,0.0,0.0,1.0,0.0,0.0,0.0,
4,2,0.0,0.0,1.0,0.0,0.0,0.0,
4,2,0.0,0.0,1.0,0.0,0.0,0.0,
4,1,0.0,0.9444444444444444,0.05555555555555555,0.0,0.0,0.0,
4,2,0.0,0.0,1.0,0.0,0.0,0.0,
4,2,0.0,0.0,1.0,0.0,0.0,0.0,
4,1,0.0,0.9444444444444444,0.05555555555555555,0.0,0.0,0.0,
4,2,0.0,0.0,1.0,0.0,0.0,0.0,
4,2,0.0,0.0,1.0,0.0,0.0,0.0,
4,2,0.0,0.0,1.0,0.0,0.0,0.0,
4,1,0.0,0.9444444444444444,0.05555555555555555,0.0,0.0,0.0,
4,2,0.0,0.0,1.0,0.0,0.0,0.0,
4,2,0.0,0.0,1.0,0.0,0.0,0.0,
4,1,0.0,0.9444444444444444,0.05555555555555555,0.0,0.0,0.0,
4,2,0.0,0.0,1.0,0.0,0.0,0.0,
4,0,0.9615384615384616,0.028846153846153848,0.009615384615384616,0.0,0.0,0.0,
4,2,0.0,0.0,1.0,0.0,0.0,0.0,
4,1,0.0,0.9444444444444444,0.05555555555555555,0.0,0.0,0.0,
4,2,0.0,0.0,1.0,0.0,0.0,0.0,
4,0,0.9615384615384616,0.028846153846153848,0.009615384615384616,0.0,0.0,0.0,
4,2,0.0,0.0,1.0,0.0,0.0,0.0,
4,2,0.0,0.0,1.0,0.0,0.0,0.0,
4,1,0.0,0.9444444444444444,0.05555555555555555,0.0,0.0,0.0,
4,0,0.9615384615384616,0.028846153846153848,0.009615384615384616,0.0,0.0,0.0,
4,2,0.0,0.0,1.0,0.0,0.0,0.0,
4,2,0.0,0.0,1.0,0.0,0.0,0.0,
4,2,0.0,0.0,1.0,0.0,0.0,0.0,
4,0,0.9615384615384616,0.028846153846153848,0.009615384615384616,0.0,0.0,0.0,
4,1,0.0,0.9444444444444444,0.05555555555555555,0.0,0.0,0.0,
4,0,0.9615384615384616,0.028846153846153848,0.009615384615384616,0.0,0.0,0.0,
4,2,0.0,0.0,1.0,0.0,0.0,0.0,
4,2,0.0,0.0,1.0,0.0,0.0,0.0,
4,2,0.0,0.0,1.0,0.0,0.0,0.0,
4,2,0.0,0.0,1.0,0.0,0.0,0.0,
4,2,0.0,0.0,1.0,0.0,0.0,0.0,
4,2,0.0,0.0,1.0,0.0,0.0,0.0,
4,2,0.0,0.0,1.0,0.0,0.0,0.0,
4,2,0.0,0.0,1.0,0.0,0.0,0.0,
4,2,0.0,0.0,1.0,0.0,0.0,0.0,
4,2,0.0,0.0,1.0,0.0,0.0,0.0,
4,1,0.0,0.9444444444444444,0.05555555555555555,0.0,0.0,0.0,
4,0,0.9615384615384616,0.028846153846153848,0.009615384615384616,0.0,0.0,0.0,
4,2,0.0,0.0,1.0,0.0,0.0,0.0,
4,2,0.0,0.0,1.0,0.0,0.0,0.0,
4,2,0.0,0.0,1.0,0.0,0.0,0.0,
4,2,0.0,0.0,1.0,0.0,0.0,0.0,
4,0,0.9615384615384616,0.028846153846153848,0.009615384615384616,0.0,0.0,0.0,
4,2,0.0,0.0,1.0,0.0,0.0,0.0,
4,1,0.0,0.9444444444444444,0.05555555555555555,0.0,0.0,0.0,
4,2,0.0,0.0,1.0,0.0,0.0,0.0,
4,1,0.0,0.9444444444444444,0.05555555555555555,0.0,0.0,0.0,
4,1,0.0,0.9444444444444444,0.05555555555555555,0.0,0.0,0.0,
4,1,0.0,0.9444444444444444,0.05555555555555555,0.0,0.0,0.0,
4,1,0.0,0.9444444444444444,0.05555555555555555,0.0,0.0,0.0,
4,2,0.0,0.0,1.0,0.0,0.0,0.0,
4,0,0.9615384615384616,0.028846153846153848,0.009615384615384616,0.0,0.0,0.0,
4,2,0.0,0.0,1.0,0.0,0.0,0.0,
4,2,0.0,0.0,1.0,0.0,0.0,0.0,
4,2,0.0,0.0,1.0,0.0,0.0,0.0,
4,2,0.0,0.0,1.0,0.0,0.0,0.0,
4,2,0.0,0.0,1.0,0.0,0.0,0.0,
4,1,0.0,0.9444444444444444,0.05555555555555555,0.0,0.0,0.0,
4,2,0.0,0.0,1.0,0.0,0.0,0.0,
4,2,0.0,0.0,1.0,0.0,0.0,0.0,
4,2,0.0,0.0,1.0,0.0,0.0,0.0,
4,2,0.0,0.0,1.0,0.0,0.0,0.0,
4,2,0.0,0.0,1.0,0.0,0.0,0.0,
4,2,0.0,0.0,1.0,0.0,0.0,0.0,
4,2,0.0,0.0,1.0,0.0,0.0,0.0,
4,2,0.0,0.0,1.0,0.0,0.0,0.0,
4,2,0.0,0.0,1.0,0.0,0.0,0.0,
4,2,0.0,0.0,1.0,0.0,0.0,0.0,
4,1,0.0,0.9444444444444444,0.05555555555555555,0.0,0.0,0.0,
4,1,0.0,0.9444444444444444,0.05555555555555555,0.0,0.0,0.0,
4,2,0.0,0.0,1.0,0.0,0.0,0.0,
4,2,0.0,0.0,1.0,0.0,0.0,0.0,
4,2,0.0,0.0,1.0,0.0,0.0,0.0,
4,2,0.0,0.0,1.0,0.0,0.0,0.0,
4,2,0.0,0.0,1.0,0.0,0.0,0.0,
4,2,0.0,0.0,1.0,0.0,0.0,0.0,
4,0,0.9615384615384616,0.028846153846153848,0.009615384615384616,0.0,0.0,0.0,
4,2,0.0,0.0,1.0,0.0,0.0,0.0,
4,2,0.0,0.0,1.0,0.0,0.0,0.0,
4,0,0.9615384615384616,0.028846153846153848,0.009615384615384616,0.0,0.0,0.0,
4,2,0.0,0.0,1.0,0.0,0.0,0.0,
4,2,0.0,0.0,1.0,0.0,0.0,0.0,
4,0,0.9615384615384616,0.028846153846153848,0.009615384615384616,0.0,0.0,0.0,
4,1,0.0,0.9444444444444444,0.05555555555555555,0.0,0.0,0.0,
5,0,0.9615384615384616,0.028846153846153848,0.009615384615384616,0.0,0.0,0.0,
5,0,0.9615384615384616,0.028846153846153848,0.009615384615384616,0.0,0.0,0.0,
5,0,0.9615384615384616,0.028846153846153848,0.009615384615384616,0.0,0.0,0.0,
5,0,0.9615384615384616,0.028846153846153848,0.009615384615384616,0.0,0.0,0.0,
5,0,0.9615384615384616,0.028846153846153848,0.009615384615384616,0.0,0.0,0.0,
5,0,0.9615384615384616,0.028846153846153848,0.009615384615384616,0.0,0.0,0.0,
5,0,0.9615384615384616,0.028846153846153848,0.009615384615384616,0.0,0.0,0.0,
5,0,0.9615384615384616,0.028846153846153848,0.009615384615384616,0.0,0.0,0.0,
5,0,0.9615384615384616,0.028846153846153848,0.009615384615384616,0.0,0.0,0.0,
5,0,0.9615384615384616,0.028846153846153848,0.009615384615384616,0.0,0.0,0.0,
5,0,0.9615384615384616,0.028846153846153848,0.009615384615384616,0.0,0.0,0.0,
5,0,0.9615384615384616,0.028846153846153848,0.009615384615384616,0.0,0.0,0.0,
5,0,0.9615384615384616,0.028846153846153848,0.009615384615384616,0.0,0.0,0.0,
5,0,0.9615384615384616,0.028846153846153848,0.009615384615384616,0.0,0.0,0.0,
5,0,0.9615384615384616,0.028846153846153848,0.009615384615384616,0.0,0.0,0.0,
5,0,0.9615384615384616,0.028846153846153848,0.009615384615384616,0.0,0.0,0.0,
5,0,0.9615384615384616,0.028846153846153848,0.009615384615384616,0.0,0.0,0.0,
5,0,0.9615384615384616,0.028846153846153848,0.009615384615384616,0.0,0.0,0.0,
5,0,0.9615384615384616,0.028846153846153848,0.009615384615384616,0.0,0.0,0.0,
5,0,0.9615384615384616,0.028846153846153848,0.009615384615384616,0.0,0.0,0.0,
5,0,0.9615384615384616,0.028846153846153848,0.009615384615384616,0.0,0.0,0.0,
5,0,0.9615384615384616,0.028846153846153848,0.009615384615384616,0.0,0.0,0.0,
5,0,0.9615384615384616,0.028846153846153848,0.009615384615384616,0.0,0.0,0.0,
5,0,0.9615384615384616,0.028846153846153848,0.009615384615384616,0.0,0.0,0.0,
5,0,0.9615384615384616,0.028846153846153848,0.009615384615384616,0.0,0.0,0.0,
5,0,0.9615384615384616,0.028846153846153848,0.009615384615384616,0.0,0.0,0.0,
5,0,0.9615384615384616,0.028846153846153848,0.009615384615384616,0.0,0.0,0.0,
5,0,0.9615384615384616,0.028846153846153848,0.009615384615384616,0.0,0.0,0.0,
5,0,0.9615384615384616,0.028846153846153848,0.009615384615384616,0.0,0.0,0.0,
5,0,0.9615384615384616,0.028846153846153848,0.009615384615384616,0.0,0.0,0.0,
5,0,0.9615384615384616,0.028846153846153848,0.009615384615384616,0.0,0.0,0.0,
5,0,0.9615384615384616,0.028846153846153848,0.009615384615384616,0.0,0.0,0.0,
5,0,0.9615384615384616,0.028846153846153848,0.009615384615384616,0.0,0.0,0.0,
5,0,0.9615384615384616,0.028846153846153848,0.009615384615384616,0.0,0.0,0.0,
5,0,0.9615384615384616,0.028846153846153848,0.009615384615384616,0.0,0.0,0.0,
5,0,0.9615384615384616,0.028846153846153848,0.009615384615384616,0.0,0.0,0.0,
5,0,0.9615384615384616,0.028846153846153848,0.009615384615384616,0.0,0.0,0.0,
5,0,0.9615384615384616,0.028846153846153848,0.009615384615384616,0.0,0.0,0.0,
5,0,0.9615384615384616,0.028846153846153848,0.009615384615384616,0.0,0.0,0.0,
5,0,0.9615384615384616,0.028846153846153848,0.009615384615384616,0.0,0.0,0.0,
5,0,0.9615384615384616,0.028846153846153848,0.009615384615384616,0.0,0.0,0.0,
5,0,0.9615384615384616,0.028846153846153848,0.009615384615384616,0.0,0.0,0.0,
5,0,0.9615384615384616,0.028846153846153848,0.009615384615384616,0.0,0.0,0.0,
5,0,0.9615384615384616,0.028846153846153848,0.009615384615384616,0.0,0.0,0.0,
5,0,0.9615384615384616,0.028846153846153848,0.009615384615384616,0.0,0.0,0.0,
5,0,0.9615384615384616,0.028846153846153848,0.009615384615384616,0.0,0.0,0.0,
5,0,0.9615384615384616,0.028846153846153848,0.009615384615384616,0.0,0.0,0.0,
5,0,0.9615384615384616,0.028846153846153848,0.009615384615384616,0.0,0.0,0.0,
5,0,0.9615384615384616,0.028846153846153848,0.009615384615384616,0.0,0.0,0.0,
5,0,0.9615384615384616,0.028846153846153848,0.009615384615384616,0.0,0.0,0.0,
5,0,0.9615384615384616,0.028846153846153848,0.009615384615384616,0.0,0.0,0.0,
5,0,0.9615384615384616,0.028846153846153848,0.009615384615384616,0.0,0.0,0.0,
5,0,0.9615384615384616,0.028846153846153848,0.009615384615384616,0.0,0.0,0.0,
5,0,0.9615384615384616,0.028846153846153848,0.009615384615384616,0.0,0.0,0.0,
5,0,0.9615384615384616,0.028846153846153848,0.009615384615384616,0.0,0.0,0.0,
5,0,0.9615384615384616,0.028846153846153848,0.009615384615384616,0.0,0.0,0.0,
5,0,0.9615384615384616,0.028846153846153848,0.009615384615384616,0.0,0.0,0.0,
5,0,0.9615384615384616,0.028846153846153848,0.009615384615384