0,0,0.98,0.02,
0,0,0.97,0.03,
1,1,0.1,0.9,
1,1,0.4358162592699961,0.5641837407300039,
1,1,0.1368282725339177,0.8631717274660824,
1,1,0.3145471442808399,0.68545285571916,
1,1,0.4398474078747982,0.5601525921252017,
1,1,0.39850209147540155,0.6014979085245984,
1,1,0.1,0.9,
1,1,0.21,0.79,
1,1,0.36,0.64,
1,0,0.52,0.48,
1,0,0.5,0.5,
1,1,0.22231320288251286,0.7776867971174871,
1,1,0.3248452128545115,0.6751547871454886,
1,1,0.3257591913491351,0.6742408086508649,
1,1,0.1827415959402163,0.8172584040597838,
1,1,0.0,1.0,
1,1,0.3683647058823529,0.631635294117647,
1,1,0.02,0.98,
1,1,0.26,0.74,
1,0,0.58,0.42,
1,1,0.12566416609835568,0.8743358339016443,
1,1,0.007829657018997831,0.9921703429810022,
1,1,0.015249011857707509,0.9847509881422926,
1,1,0.01,0.99,
1,1,0.07942441819003018,0.9205755818099698,
1,1,0.04566416609835569,0.9543358339016443,
1,1,0.08566416609835568,0.9143358339016443,
1,1,0.016677583286278934,0.983322416713721,
1,1,0.006530955720296534,0.9934690442797034,
1,1,0.025664166098355687,0.9743358339016442,
1,1,0.0656641660983557,0.9343358339016443,
1,1,0.1,0.9,
1,1,0.0,1.0,
1,1,0.04121722092224252,0.9587827790777576,
1,1,0.19026416609835572,0.8097358339016444,
1,1,0.04,0.96,
1,1,0.01,0.99,
1,1,0.0,1.0,
1,1,0.03,0.97,
1,1,0.11684377302873987,0.8831562269712602,
1,1,0.2046,0.7953999999999999,
1,1,0.21636470588235293,0.783635294117647,
1,1,0.14118912407238313,0.8588108759276168,
1,1,0.15,0.85,
1,1,0.1,0.9,
1,1,0.05,0.95,
1,1,0.04,0.96,
1,1,0.01,0.99,
1,1,0.05,0.95,
1,1,0.13697759584917096,0.8630224041508291,
1,1,0.1,0.9,
1,1,0.05,0.95,
1,1,0.0,1.0,
1,1,0.0,1.0,
1,1,0.41,0.59,
1,1,0.43,0.57,
1,0,0.52,0.48,
1,1,0.02,0.98,
1,1,0.01,0.99,
1,1,0.0,1.0,
1,1,0.04,0.96,
1,1,0.0,1.0,
1,1,0.03,0.97,
1,1,0.14601835664335663,0.8539816433566434,
1,1,0.13601835664335662,0.8639816433566434,
1,1,0.23601835664335663,0.7639816433566433,
1,1,0.01,0.99,
1,1,0.08,0.92,
1,1,0.02,0.98,
1,1,0.01,0.99,
1,1,0.08,0.92,
1,1,0.11,0.89,
1,1,0.4517373119015751,0.5482626880984249,
1,1,0.11,0.89,
1,1,0.0,1.0,
1,1,0.07,0.93,
1,1,0.16,0.84,
1,1,0.2,0.8,
1,1,0.050625,0.949375,
1,1,0.12,0.88,
1,1,0.09,0.91,
1,1,0.05,0.95,
1,1,0.17,0.83,
1,1,0.006500000000000001,0.9934999999999999,
1,1,0.21,0.79,
1,1,0.26,0.74,
1,1,0.27,0.73,
1,1,6.25E-4,0.999375,
1,1,0.01,0.99,
1,1,0.0,1.0,
1,1,0.04,0.96,
1,1,0.22783653846153848,0.7721634615384616,
1,1,0.2678365384615385,0.7321634615384616,
1,1,0.04,0.96,
1,1,0.21783653846153847,0.7821634615384616,
1,1,0.23783653846153846,0.7621634615384616,
1,1,0.17,0.83,
1,0,0.62,0.38,
1,1,0.23,0.77,
1,1,0.16783653846153845,0.8321634615384617,
1,1,0.17783653846153846,0.8221634615384616,
1,1,0.20783653846153846,0.7921634615384616,
1,1,0.3178365384615385,0.6821634615384616,
1,1,0.20783653846153846,0.7921634615384616,
1,0,0.75,0.25,
1,0,0.57,0.43,
1,1,0.04,0.96,
1,1,0.01,0.99,
1,1,0.0,1.0,
1,1,0.1,0.9,
1,1,0.04,0.96,
1,1,0.16,0.84,
1,1,0.2,0.8,
1,1,0.06,0.94,
1,1,0.09,0.91,
1,1,0.01,0.99,
1,1,0.12,0.88,
1,1,0.15,0.85,
1,1,0.12,0.88,
1,1,0.22931320288251286,0.7706867971174871,
1,1,0.34311003498889886,0.6568899650111012,
1,1,0.20734891716822715,0.7926510828317729,
1,1,0.37152401348352243,0.6284759865164775,
1,1,0.3508097277692367,0.6491902722307632,
1,1,0.20974159594021627,0.7902584040597838,
1,0,0.5560120356499784,0.4439879643500217,
1,1,0.1,0.9,
1,1,0.13,0.87,
1,1,0.08601835664335662,0.9139816433566433,
1,1,0.19,0.81,
1,1,0.13,0.87,
1,1,0.15664335664335663,0.8433566433566434,
1,1,0.03044444444444445,0.9695555555555555,
1,1,0.07,0.93,
1,1,0.4283647058823529,0.571635294117647,
1,1,0.024730158730158734,0.9752698412698413,
1,1,0.03,0.97,
1,1,0.19344444444444442,0.8065555555555555,
1,1,0.14,0.86,
1,1,0.21,0.79,
1,1,0.28783653846153845,0.7121634615384616,
1,1,0.0034444444444444444,0.9965555555555555,
1,1,0.06,0.94,
1,1,0.3,0.7,
1,1,0.395,0.605,
1,1,0.35,0.65,
1,0,0.74,0.26,
1,1,0.11,0.89,
1,1,0.08601835664335664,0.9139816433566433,
1,1,0.3,0.7,
1,1,0.01,0.99,
1,1,0.08601835664335664,0.9139816433566433,
1,1,0.09601835664335663,0.9039816433566433,
1,1,0.11601835664335663,0.8839816433566433,
1,1,0.19601835664335665,0.8039816433566433,
1,1,0.05601835664335663,0.9439816433566434,
1,1,0.05601835664335663,0.9439816433566434,
1,1,0.21,0.79,
1,1,0.05664335664335663,0.9433566433566434,
1,1,0.09,0.91,
1,1,0.01,0.99,
1,1,0.02,0.98,
1,1,0.0,1.0,
1,1,0.01,0.99,
1,1,0.01,0.99,
1,1,0.0,1.0,
1,1,0.0,1.0,
1,1,0.0,1.0,
1,1,0.0,1.0,
1,1,0.0,1.0,
1,1,0.01,0.99,
1,1,0.03258064516129032,0.9674193548387098,
1,1,0.04,0.96,
1,1,0.053916396799655854,0.9460836032003442,
1,1,0.0656641660983557,0.9343358339016443,
1,1,0.10566416609835569,0.8943358339016443,
1,1,0.06142857142857143,0.9385714285714286,
1,1,0.07566416609835569,0.9243358339016443,
1,1,0.11566416609835568,0.8843358339016443,
1,1,0.01,0.99,
1,1,0.06,0.94,
1,1,0.0,1.0,
1,1,0.01,0.99,
1,1,0.19,0.81,
1,1,0.09,0.91,
1,1,0.04,0.96,
1,1,0.02,0.98,
1,1,0.03,0.97,
1,1,0.0,1.0,
1,1,0.08,0.92,
1,1,0.0,1.0,
1,1,0.01,0.99,
1,1,0.0,1.0,
1,1,0.32,0.68,
1,1,0.15783653846153847,0.8421634615384616,
1,1,0.18783653846153847,0.8121634615384616,
1,1,0.15783653846153847,0.8421634615384616,
1,1,0.18783653846153847,0.8121634615384616,
1,1,0.0,1.0,
1,1,0.13783653846153845,0.8621634615384616,
1,1,0.26,0.74,
1,1,0.11783653846153846,0.8821634615384616,
1,0,0.52,0.48,
1,1,0.0,1.0,
1,1,0.25,0.75,
1,1,0.13783653846153845,0.8621634615384616,
1,1,0.29,0.71,
1,1,0.10783653846153847,0.8921634615384616,
1,1,0.07783653846153846,0.9221634615384616,
1,1,0.0,1.0,
1,1,0.0,1.0,
1,1,0.0,1.0,
1,1,0.08,0.92,
1,1,0.07,0.93,
1,1,0.08,0.92,
1,1,0.07,0.93,
1,1,0.07,0.93,
1,1,0.01,0.99,
1,1,0.07,0.93,
1,1,0.07,0.93,
1,1,0.06,0.94,
1,1,0.03,0.97,
1,1,0.03,0.97,
1,1,0.03,0.97,
1,1,0.03,0.97,
1,1,0.08,0.92,
1,1,0.04,0.96,
1,1,0.05,0.95,
1,1,0.05248204305662987,0.9475179569433702,
1,1,0.12,0.88,
1,1,0.0,1.0,
1,1,0.046018356643356635,0.9539816433566434,
1,1,0.01,0.99,
1,1,0.09,0.91,
1,1,0.04664335664335664,0.9533566433566434,
1,1,0.04664335664335664,0.9533566433566434,
1,1,0.02,0.98,
1,1,0.0,1.0,
1,1,0.0,1.0,
1,1,0.02,0.98,
1,1,0.03,0.97,
1,1,0.03,0.97,
1,1,0.1286084789110928,0.8713915210889073,
1,1,0.2646,0.7353999999999999,
1,1,0.24636470588235293,0.7536352941176471,
1,1,0.17118912407238313,0.8288108759276169,
1,1,0.17,0.83,
1,1,0.08,0.92,
1,1,0.02,0.98,
1,1,0.015384615384615385,0.9846153846153847,
1,1,0.02,0.98,
1,1,0.07033333333333333,0.9296666666666666,
1,1,0.13,0.87,
1,1,0.030333333333333334,0.9696666666666667,
1,1,0.11816987179487179,0.8818301282051282,
1,1,0.010333333333333335,0.9896666666666667,
1,1,0.01,0.99,
1,1,0.050333333333333334,0.9496666666666667,
1,1,0.04033333333333333,0.9596666666666667,
1,1,0.07,0.93,
1,1,0.15697759584917098,0.8430224041508291,
1,1,0.2,0.8,
1,1,0.08,0.92,
1,1,0.05,0.95,
1,1,0.03,0.97,
1,1,0.22,0.78,
1,1,0.22,0.78,
1,1,0.08,0.92,
1,1,0.0,1.0,
1,1,0.01,0.99,
1,1,0.0,1.0,
1,1,0.01,0.99,
1,1,0.02,0.98,
1,1,0.08,0.92,
1,1,0.06,0.94,
1,1,0.22,0.78,
1,1,0.16,0.84,
1,0,0.51,0.49,
1,1,0.04,0.96,
1,1,0.05,0.95,
1,1,0.04,0.96,
1,1,0.03,0.97,
1,1,0.02,0.98,
1,1,0.03,0.97,
1,1,0.15,0.85,
1,1,0.1,0.9,
1,1,0.03,0.97,
1,1,0.02,0.98,
1,1,0.06,0.94,
1,1,0.1,0.9,
1,1,0.28,0.72,
1,1,0.11,0.89,
1,1,0.24,0.76,
1,1,0.22,0.78,
1,1,0.27,0.73,
1,1,0.27,0.73,
1,1,0.29,0.71,
1,1,0.325,0.675,
1,1,0.31,0.69,
1,1,0.31,0.69,
1,1,0.29,0.71,
1,1,0.07,0.93,
1,1,0.19,0.81,
1,1,0.0,1.0,
1,1,0.0,1.0,
1,1,0.03,0.97,
1,1,0.01,0.99,
1,1,0.03,0.97,
1,1,0.01,0.99,
1,1,0.02,0.98,
1,1,0.0,1.0,
1,1,0.0,1.0,
1,1,0.0,1.0,
1,1,0.11,0.89,
1,1,0.1,0.9,
1,1,0.27,0.73,
1,1,0.18,0.82,
1,1,0.0,1.0,
1,1,0.01,0.99,
1,1,0.0,1.0,
1,1,0.03,0.97,
1,1,0.01,0.99,
1,1,0.02,0.98,
1,1,0.11,0.89,
1,1,0.03,0.97,
1,1,0.08,0.92,
1,1,0.04,0.96,
1,1,0.0,1.0,
1,1,0.04,0.96,
1,1,0.09,0.91,
1,1,0.02,0.98,
1,1,0.03,0.97,
1,0,0.58,0.42,
1,0,0.5,0.5,
1,1,0.04,0.96,
1,1,0.03,0.97,
1,1,0.02,0.98,
1,1,0.02,0.98,
1,1,0.0,1.0,
1,1,0.04,0.96,
1,1,0.0,1.0,
1,1,0.02,0.98,
1,1,0.04,0.96,
1,1,0.02,0.98,
1,1,0.02,0.98,
1,1,0.07,0.93,
1,1,0.02,0.98,
1,1,0.01,0.99,
1,1,0.04,0.96,
1,1,0.04,0.96,
1,1,0.01,0.99,
1,1,0.1,0.9,
1,1,0.01,0.99,
1,1,0.46,0.54,
1,1,0.0,1.0,
1,1,0.01,0.99,
1,1,0.0,1.0,
1,1,0.01,0.99,
1,1,0.0,1.0,
1,1,0.01,0.99,
1,1,0.0,1.0,
1,1,0.0,1.0,
1,1,0.0,1.0,
1,1,0.01,0.99,
1,1,0.02,0.98,
1,1,0.0,1.0,
1,1,0.02,0.98,
1,1,0.04,0.96,
1,1,0.06,0.94,
1,1,0.04,0.96,
1,1,0.02,0.98,
1,1,0.01,0.99,
1,1,0.03,0.97,
1,1,0.03,0.97,
1,1,0.04,0.96,
1,1,0.05,0.95,
1,1,0.0,1.0,
1,1,0.01,0.99,
1,1,0.07,0.93,
1,1,0.02,0.98,
1,1,0.05,0.95,
1,1,0.04,0.96,
1,1,0.01,0.99,
1,1,0.1,0.9,
1,1,0.16,0.84,
1,1,0.47,0.53,
1,1,0.32,0.68,
1,1,0.32,0.68,
1,1,0.2,0.8,
1,1,0.19,0.81,
1,1,0.15,0.85,
1,1,0.11,0.89,
1,1,0.07,0.93,
1,1,0.45,0.55,
1,1,0.35,0.65,
1,1,0.32,0.68,
1,1,0.15,0.85,
1,1,0.35,0.65,
1,1,0.1,0.9,
1,1,0.36,0.64,
1,1,0.17,0.83,
1,1,0.2,0.8,
1,1,0.20846153846153848,0.7915384615384616,
1,1,0.24846153846153846,0.7515384615384616,
1,1,0.2,0.8,
1,1,0.20846153846153848,0.7915384615384616,
1,1,0.24846153846153846,0.7515384615384616,
1,1,0.46,0.54,
1,1,0.15,0.85,
1,1,0.24,0.76,
1,1,0.17,0.83,
1,1,0.18666666666666665,0.8133333333333334,
1,1,0.26,0.74,
1,1,0.20666666666666664,0.7933333333333334,
1,1,0.39,0.61,
1,1,0.29846153846153844,0.7015384615384616,
1,1,0.31846153846153846,0.6815384615384616,
1,1,0.32846153846153847,0.6715384615384616,
1,1,0.32846153846153847,0.6715384615384616,
1,1,0.31846153846153846,0.6815384615384616,
1,1,0.37846153846153846,0.6215384615384615,
1,1,0.43846153846153846,0.5615384615384615,
1,1,0.22,0.78,
1,1,0.31,0.69,
1,1,0.23,0.77,
1,1,0.25,0.75,
1,1,0.35,0.65,
1,1,0.02,0.98,
1,1,0.47,0.53,
1,1,0.26,0.74,
1,0,0.5,0.5,
1,1,0.47,0.53,
1,1,0.46,0.54,
1,1,0.29,0.71,
1,1,0.31846153846153846,0.6815384615384616,
1,1,0.31846153846153846,0.6815384615384616,
1,1,0.33,0.67,
1,1,0.28,0.72,
1,1,0.30846153846153845,0.6915384615384617,
1,1,0.31846153846153846,0.6815384615384616,
1,1,0.28,0.72,
1,1,0.25,0.75,
1,1,0.35,0.65,
1,1,0.26,0.74,
1,1,0.23,0.77,
1,1,0.28,0.72,
1,1,0.25,0.75,
1,1,0.35,0.65,
1,1,0.36846153846153845,0.6315384615384615,
1,1,0.37,0.63,
1,1,0.29,0.71,
1,1,0.4,0.6,
1,1,0.33,0.67,
1,1,0.05,0.95,
1,1,0.46,0.54,
1,1,0.47,0.53,
1,1,0.45,0.55,
1,1,0.23,0.77,
1,1,0.19,0.81,
1,1,0.06,0.94,
1,1,0.1,0.9,
1,1,0.14,0.86,
1,1,0.45,0.55,
1,1,0.14666666666666667,0.8533333333333333,
1,0,0.53,0.47,
1,1,0.26,0.74,
1,1,0.3,0.7,
1,1,0.22,0.78,
1,1,0.07,0.93,
1,1,0.03,0.97,
1,1,0.05,0.95,
1,1,0.14,0.86,
1,1,0.28,0.72,
1,1,0.02,0.98,
1,1,0.12,0.88,
1,1,0.35,0.65,
1,1,0.37,0.63,
1,1,0.11,0.89,
1,1,0.06,0.94,
1,1,0.07,0.93,
1,1,0.22,0.78,
1,1,0.25,0.75,
1,1,0.29,0.71,
1,1,0.28,0.72,
1,1,0.08,0.92,
1,1,0.11,0.89,
1,0,0.54,0.46,
1,0,0.57,0.43,
1,1,0.38,0.62,
1,1,0.26,0.74,
1,1,0.12,0.88,
1,1,0.14,0.86,
1,1,0.23,0.77,
1,1,0.3,0.7,
1,1,0.15,0.85,
1,1,0.17,0.83,
1,1,0.18,0.82,
1,1,0.19,0.81,
1,1,0.06,0.94,
1,1,0.32,0.68,
1,1,0.33,0.67,
1,1,0.08,0.92,
1,1,0.13,0.87,
1,1,0.09,0.91,
1,1,0.17,0.83,
1,1,0.2,0.8,
1,1,0.1,0.9,
1,1,0.22,0.78,
1,1,0.17,0.83,
1,1,0.08,0.92,
1,1,0.19,0.81,
1,1,0.31,0.69,
1,1,0.27,0.73,
1,1,0.21,0.79,
1,1,0.14,0.86,
1,1,0.12,0.88,
1,1,0.38,0.62,
1,1,0.36,0.64,
1,1,0.1,0.9,
1,1,0.17,0.83,
1,1,0.07,0.93,
1,1,0.08,0.92,
1,1,0.05,0.95,
1,1,0.08,0.92,
1,1,0.06,0.94,
1,1,0.23,0.77,
1,1,0.3,0.7,
1,1,0.25,0.75,
1,1,0.19,0.81,
1,1,0.23,0.77,
1,1,0.11,0.89,
1,1,0.15,0.85,
1,1,0.07,0.93,
1,1,0.03,0.97,
1,1,0.11,0.89,
1,1,0.45,0.55,
1,1,0.44,0.56,
1,1,0.48,0.52,
1,1,0.47,0.53,
1,1,0.07,0.93,
1,1,0.09664335664335663,0.9033566433566433,
1,1,0.17,0.83,
1,1,0.19664335664335664,0.8033566433566434,
1,1,0.45,0.55,
1,1,0.46,0.54,
1,1,0.48,0.52,
1,1,0.49,0.51,
1,1,0.05,0.95,
1,1,0.10664335664335664,0.8933566433566433,
1,1,0.16,0.84,
1,1,0.19664335664335664,0.8033566433566434,
1,1,0.0,1.0,
1,1,0.0,1.0,
1,1,0.0,1.0,
1,1,0.01,0.99,
1,1,0.0,1.0,
1,1,0.01,0.99,
1,1,0.0,1.0,
1,1,0.01,0.99,
1,1,0.02,0.98,
1,1,0.22,0.78,
1,1,0.18,0.82,
1,1,0.03,0.97,
1,1,0.12783653846153847,0.8721634615384616,
1,1,0.14,0.86,
1,1,0.44,0.56,
1,1,0.45,0.55,
1,1,0.39,0.61,
1,1,0.42,0.58,
1,1,0.44,0.56,
1,1,0.12846153846153846,0.8715384615384616,
1,1,0.22846153846153847,0.7715384615384616,
1,1,0.02,0.98,
1,1,0.23,0.77,
1,1,0.16,0.84,
1,1,0.25,0.75,
1,1,0.31,0.69,
1,1,0.37,0.63,
1,1,0.0,1.0,
1,1,0.10783653846153847,0.8921634615384616,
1,1,0.1,0.9,
1,1,0.11,0.89,
1,1,0.20783653846153846,0.7921634615384616,
1,1,0.20846153846153848,0.7915384615384616,
1,1,0.44,0.56,
1,1,0.44,0.56,
1,1,0.37,0.63,
1,1,0.38,0.62,
1,1,0.42,0.58,
1,1,0.43,0.57,
1,1,0.08846153846153847,0.9115384615384616,
1,1,0.19846153846153847,0.8015384615384616,
1,1,0.38846153846153847,0.6115384615384616,
1,1,0.3984615384615385,0.6015384615384616,
1,1,0.42846153846153845,0.5715384615384616,
1,1,0.36846153846153845,0.6315384615384615,
1,1,0.35846153846153844,0.6415384615384616,
1,1,0.38846153846153847,0.6115384615384616,
1,1,0.3984615384615385,0.6015384615384616,
1,1,0.3984615384615385,0.6015384615384616,
1,1,0.41846153846153844,0.5815384615384616,
1,1,0.0,1.0,
1,1,0.04,0.96,
1,1,0.0,1.0,
1,1,0.1,0.9,
1,1,0.11,0.89,
1,1,0.17,0.83,
1,1,0.0,1.0,
1,1,0.03,0.97,
1,1,0.0,1.0,
1,1,0.0,1.0,
1,1,0.04,0.96,
1,1,0.04,0.96,
1,1,0.09,0.91,
1,1,0.1,0.9,
1,1,0.09,0.91,
1,1,0.16,0.84,
1,1,0.42,0.58,
1,1,0.05664335664335663,0.9433566433566434,
1,1,0.38,0.62,
1,1,0.42,0.58,
1,1,0.01,0.99,
1,1,0.05664335664335663,0.9433566433566434,
1,1,0.0,1.0,
1,1,0.0,1.0,
1,1,0.0,1.0,
1,1,0.42,0.58,
1,1,0.1,0.9,
1,1,0.0,1.0,
1,1,0.02,0.98,
1,1,0.18,0.82,
1,1,0.0,1.0,
1,1,0.08783653846153847,0.9121634615384616,
1,1,0.02,0.98,
1,1,0.19,0.81,
1,1,0.32,0.68,
1,1,0.0,1.0,
1,1,0.07783653846153846,0.9221634615384616,
1,1,0.39,0.61,
1,1,0.3,0.7,
1,1,0.34,0.66,
1,1,0.42,0.58,
1,1,0.06846153846153846,0.9315384615384616,
1,1,0.0,1.0,
1,1,0.0,1.0,
1,1,0.02,0.98,
1,1,0.03,0.97,
1,1,0.08,0.92,
1,1,0.07,0.93,
1,1,0.16,0.84,
1,1,0.15,0.85,
1,1,0.15,0.85,
1,1,0.16,0.84,
1,1,0.17,0.83,
1,1,0.18,0.82,
1,1,0.03,0.97,
1,1,0.18,0.82,
1,1,0.2,0.8,
1,1,0.22,0.78,
1,1,0.0,1.0,
1,1,0.1,0.9,
1,1,0.0,1.0,
1,1,0.07,0.93,
1,1,0.05,0.95,
1,1,0.06,0.94,
1,1,0.06,0.94,
1,1,0.06,0.94,
1,1,0.22,0.78,
1,1,0.14,0.86,
1,1,0.0,1.0,
1,1,0.06,0.94,
1,1,0.04,0.96,
1,1,0.16,0.84,
1,1,0.15,0.85,
1,1,0.16,0.84,
1,1,0.13,0.87,
1,1,0.19,0.81,
1,1,0.16,0.84,
1,1,0.0,1.0,
1,1,0.02,0.98,
1,1,0.0,1.0,
1,1,0.08,0.92,
1,1,0.05,0.95,
1,1,0.09,0.91,
1,1,0.0,1.0,
1,1,0.01,0.99,
1,1,0.04,0.96,
1,1,0.17,0.83,
1,1,0.08,0.92,
1,1,0.17,0.83,
1,1,0.11,0.89,
1,1,0.09,0.91,
1,1,0.14,0.86,
1,1,0.0,1.0,
1,1,0.0,1.0,
1,1,0.12,0.88,
1,1,0.12,0.88,
1,1,0.18,0.82,
1,1,0.0,1.0,
1,1,0.08,0.92,
1,1,0.15,0.85,
1,1,0.14,0.86,
1,1,0.0,1.0,
1,1,0.04,0.96,
1,1,0.04,0.96,
1,1,0.11,0.89,
1,1,0.15,0.85,
1,1,0.1,0.9,
1,1,0.26,0.74,
1,1,0.19,0.81,
1,1,0.34,0.66,
1,1,0.03,0.97,
1,1,0.06,0.94,
1,1,0.0,1.0,
1,1,0.03,0.97,
1,1,0.13,0.87,
1,1,0.15,0.85,
1,1,0.05,0.95,
1,1,0.08,0.92,
1,1,0.16,0.84,
1,1,0.11,0.89,
1,1,0.07,0.93,
1,1,0.21,0.79,
1,1,0.11,0.89,
1,1,0.04,0.96,
1,1,0.13,0.87,
1,1,0.13,0.87,
1,1,0.11,0.89,
1,1,0.0,1.0,
1,1,0.09,0.91,
1,1,0.13,0.87,
1,1,0.16,0.84,
1,1,0.0,1.0,
1,1,0.0,1.0,
1,1,0.01,0.99,
1,1,0.02,0.98,
1,1,0.13,0.87,
1,1,0.01,0.99,
1,1,0.13,0.87,
1,1,0.15,0.85,
1,1,0.09,0.91,
1,1,0.15,0.85,
1,1,0.27,0.73,
1,1,0.0,1.0,
1,1,0.01,0.99,
1,1,0.11,0.89,
1,1,0.08,0.92,
1,1,0.14,0.86,
1,1,0.31,0.69,
1,1,0.16,0.84,
1,1,0.17,0.83,
1,1,0.35,0.65,
1,1,0.03,0.97,
1,1,0.19,0.81,
1,1,0.01,0.99,
1,1,0.16,0.84,
1,1,0.13,0.87,
1,1,0.13,0.87,
1,1,0.12,0.88,
1,1,0.2,0.8,
1,1,0.01,0.99,
1,1,0.27,0.73,
1,1,0.33,0.67,
1,1,0.15,0.85,
1,1,0.1,0.9,
0,0,0.99,0.01,
0,0,0.99,0.01,
0,0,0.98,0.02,
0,0,1.0,0.0,
0,0,0.98,0.02,
0,0,1.0,0.0,
0,0,0.9845999999999999,0.0154,
0,0,0.9246,0.0754,
0,0,0.98,0.02,
0,0,0.98,0.02,
0,0,0.99,0.01,
0,0,0.99,0.01,
0,0,0.88,0.12,
0,0,0.84,0.16,
0,0,0.83,0.17,
0,0,1.0,0.0,
0,0,1.0,0.0,
0,0,0.96,0.04,
0,0,0.84,0.16,
0,0,0.81,0.19,
0,0,0.6368437730287398,0.36315622697126015,
0,0,0.6094244181900301,0.39057558180996976,
0,0,0.6494244181900303,0.3505755818099698,
0,0,0.577392126816708,0.42260787318329185,
0,0,0.83,0.17,
0,0,0.82,0.18,
0,0,0.85,0.15,
0,0,0.84,0.16,
0,0,0.72,0.28,
0,0,0.74,0.26,
0,0,0.73,0.27,
0,0,0.84,0.16,
0,0,0.82,0.18,
0,0,0.73,0.27,
0,0,0.74,0.26,
0,0,0.63,0.37,
0,0,0.77,0.23,
0,0,0.7778590851668596,0.22214091483314033,
0,0,0.5741122428114042,0.4258877571885958,
0,0,0.97,0.03,
0,0,0.95,0.05,
0,0,0.92,0.08,
0,0,0.98,0.02,
0,0,0.99,0.01,
0,0,0.95,0.05,
0,0,0.98,0.02,
0,0,0.98,0.02,
0,0,0.9375,0.0625,
0,0,0.9316071428571429,0.06839285714285716,
0,0,0.99,0.01,
0,0,0.99,0.01,
0,0,0.99,0.01,
0,0,0.95,0.05,
0,0,0.97,0.03,
0,0,0.98,0.02,
0,0,0.97,0.03,
0,0,0.84,0.16,
0,0,0.85,0.15,
0,0,0.69,0.31,
0,0,0.88,0.12,
0,0,0.92,0.08,
0,0,0.98,0.02,
0,0,0.92,0.08,
0,0,0.99,0.01,
0,0,0.99,0.01,
0,0,0.82,0.18,
0,0,0.81,0.19,
0,0,1.0,0.0,
0,0,1.0,0.0,
0,0,0.96,0.04,
0,0,0.96,0.04,
0,0,0.79,0.21,
0,0,0.73,0.27,
0,0,0.9,0.1,
0,0,0.96,0.04,
0,0,1.0,0.0,
0,0,1.0,0.0,
0,0,0.94,0.06,
0,0,0.9995833333333333,4.1666666666666664E-4,
0,0,0.9795833333333333,0.020416666666666666,
0,0,0.9995833333333333,4.1666666666666664E-4,
0,0,0.9895833333333333,0.010416666666666668,
0,0,1.0,0.0,
0,0,0.99,0.01,
0,0,1.0,0.0,
0,0,0.99,0.01,
0,0,0.9956435643564356,0.004356435643564357,
0,0,1.0,0.0,
0,0,0.97,0.03,
0,0,0.8,0.2,
0,0,0.98,0.02,
0,0,0.98,0.02,
0,0,0.82,0.18,
0,0,0.99,0.01,
0,0,0.9284615384615384,0.07153846153846154,
0,0,0.98,0.02,
0,0,0.97,0.03,
0,0,1.0,0.0,
0,0,0.98,0.02,
0,0,1.0,0.0,
0,0,0.94,0.06,
0,0,0.95,0.05,
0,0,0.97,0.03,
0,0,0.97,0.03,
0,0,0.95,0.05,
0,0,0.95,0.05,
0,0,0.84,0.16,
0,0,0.72,0.28,
0,0,0.78,0.22,
0,0,0.87,0.13,
0,0,0.75,0.25,
0,0,0.75,0.25,
0,0,0.83,0.17,
0,0,1.0,0.0,
0,0,1.0,0.0,
0,0,0.77,0.23,
0,0,0.9945999999999999,0.0054,
0,0,0.9146000000000001,0.08539999999999999,
0,0,0.95,0.05,
0,0,1.0,0.0,
0,0,0.9084615384615384,0.09153846153846153,
0,0,1.0,0.0,
0,0,0.94,0.06,
0,0,0.99,0.01,
0,0,0.95,0.05,
0,0,0.97,0.03,
0,0,1.0,0.0,
0,0,0.88,0.12,
0,0,0.6594244181900302,0.3405755818099698,
0,0,0.6568437730287399,0.3431562269712602,
0,0,0.6794244181900302,0.32057558180996976,
0,0,0.6373921268167081,0.36260787318329185,
0,0,0.6177254601500415,0.3822745398499585,
0,0,0.87,0.13,
0,0,0.87,0.13,
0,0,0.88,0.12,
0,0,0.87,0.13,
0,0,0.87,0.13,
0,0,0.88,0.12,
0,0,0.86,0.14,
0,0,0.86,0.14,
0,0,0.86,0.14,
0,0,0.7,0.3,
0,0,0.59,0.41,
0,0,0.5984615384615385,0.4015384615384615,
0,0,0.71,0.29,
0,0,0.5896153846153847,0.4103846153846154,
0,0,0.6080769230769231,0.39192307692307693,
0,0,0.5684615384615385,0.43153846153846154,
0,0,0.71,0.29,
0,0,0.5496153846153846,0.4503846153846154,
0,0,0.71,0.29,
0,0,0.568076923076923,0.4319230769230769,
0,0,0.74,0.26,
0,0,0.6116666666666667,0.3883333333333333,
0,0,0.6116666666666667,0.3883333333333333,
0,0,0.75,0.25,
0,0,0.6166666666666667,0.38333333333333336,
0,0,0.65,0.35,
0,0,0.5196153846153846,0.4803846153846154,
0,0,0.68,0.32,
0,0,0.5512820512820512,0.4487179487179487,
0,0,0.5612820512820512,0.43871794871794867,
0,0,0.62,0.38,
0,0,0.99,0.01,
0,0,0.98,0.02,
0,0,0.96,0.04,
0,0,0.78,0.22,
0,0,0.77,0.23,
0,0,0.74,0.26,
0,0,0.7978590851668597,0.2021409148331403,
0,0,0.6041122428114041,0.3958877571885958,
0,0,0.87,0.13,
0,0,0.77,0.23,
0,0,0.86,0.14,
0,0,0.7684615384615384,0.23153846153846153,
0,0,0.86,0.14,
0,0,0.74,0.26,
0,0,0.85,0.15,
0,0,0.7784615384615384,0.22153846153846155,
0,0,0.7284615384615384,0.2715384615384615,
0,0,0.86,0.14,
0,0,0.85,0.15,
0,0,0.92,0.08,
0,0,0.92,0.08,
0,0,0.77,0.23,
0,0,0.5396153846153846,0.4603846153846154,
0,0,0.77,0.23,
0,0,0.578076923076923,0.42192307692307696,
0,0,0.5380769230769231,0.46192307692307694,
0,0,0.86,0.14,
0,0,0.78,0.22,
0,0,0.77,0.23,
0,0,0.84,0.16,
0,0,0.76,0.24,
0,0,0.73,0.27,
0,0,0.72,0.28,
0,0,0.5712820512820512,0.42871794871794866,
0,0,0.5296153846153846,0.4703846153846154,
0,0,0.97,0.03,
0,0,1.0,0.0,
0,0,1.0,0.0,
0,0,0.99,0.01,
0,0,0.9475,0.0525,
0,0,0.97,0.03,
0,0,0.79,0.21,
0,0,0.97,0.03,
0,0,0.79,0.21,
0,0,1.0,0.0,
0,0,0.9584615384615384,0.041538461538461545,
0,0,0.9384615384615383,0.06153846153846154,
0,0,0.98,0.02,
0,0,0.84,0.16,
0,0,0.8,0.2,
0,0,0.84,0.16,
0,0,0.77,0.23,
0,0,0.8,0.2,
0,0,0.87,0.13,
0,0,0.97,0.03,
0,0,1.0,0.0,
0,0,0.9484615384615384,0.05153846153846154,
0,0,1.0,0.0,
0,0,0.97,0.03,
0,0,0.99,0.01,
0,0,0.9484615384615384,0.05153846153846154,
0,0,0.9384615384615383,0.06153846153846154,
0,0,0.97,0.03,
0,0,0.99,0.01,
0,0,0.87,0.13,
0,0,0.85,0.15,
0,0,0.72,0.28,
0,0,0.96,0.04,
0,0,0.85,0.15,
0,0,0.94,0.06,
0,0,0.7596153846153847,0.2403846153846154,
0,0,0.89,0.11,
0,0,0.7880769230769231,0.21192307692307694,
0,0,0.92,0.08,
0,0,0.7696153846153847,0.2303846153846154,
0,0,0.84,0.16,
0,0,1.0,0.0,
0,0,1.0,0.0,
0,0,1.0,0.0,
0,0,0.99,0.01,
0,0,0.97,0.03,
0,0,0.87,0.13,
0,0,0.95,0.05,
0,0,0.73,0.27,
0,0,1.0,0.0,
0,0,0.86,0.14,
0,0,0.96,0.04,
0,0,0.97,0.03,
0,0,0.9,0.1,
0,0,0.95,0.05,
0,0,0.96,0.04,
0,0,0.97,0.03,
0,0,0.96,0.04,
0,0,0.95,0.05,
0,0,0.92,0.08,
0,0,0.95,0.05,
0,0,0.97,0.03,
0,0,0.98,0.02,
0,0,0.92,0.08,
0,0,0.95,0.05,
0,0,0.94,0.06,
0,0,0.9,0.1,
0,0,0.88,0.12,
0,0,0.87,0.13,
0,0,0.97,0.03,
0,0,0.96,0.04,
0,0,0.97,0.03,
0,0,0.99,0.01,
0,0,0.94,0.06,
0,0,0.97,0.03,
0,0,0.88,0.12,
0,0,0.9,0.1,
0,0,0.88,0.12,
0,0,0.87,0.13,
0,0,0.93,0.07,
0,0,0.86,0.14,
0,0,0.88,0.12,
0,0,0.86,0.14,
0,0,0.86,0.14,
0,0,0.85,0.15,
0,0,1.0,0.0,
0,0,1.0,0.0,
0,0,0.95,0.05,
0,0,0.96,0.04,
0,0,0.97,0.03,
0,0,0.94,0.06,
0,0,0.98,0.02,
0,0,1.0,0.0,
0,0,0.94,0.06,
0,0,0.99,0.01,
0,0,0.99,0.01,
0,0,0.84,0.16,
0,0,0.83,0.17,
0,0,0.99,0.01,
0,0,0.95,0.05,
0,0,0.93,0.07,
0,0,0.93,0.07,
0,0,0.96,0.04,
0,0,0.78,0.22,
0,0,0.94,0.06,
0,0,0.72,0.28,
0,0,0.9,0.1,
0,0,0.98,0.02,
0,0,0.99,0.01,
0,0,0.98,0.02,
0,0,0.97,0.03,
0,0,0.84,0.16,
0,0,0.99,0.01,
0,0,0.99,0.01,
0,0,1.0,0.0,
0,0,0.92,0.08,
0,0,0.97,0.03,
0,0,0.97,0.03,
0,0,0.97,0.03,
0,0,0.74,0.26,
0,0,0.71,0.29,
0,0,0.74,0.26,
0,0,0.72,0.28,
0,0,0.99,0.01,
0,0,0.99,0.01,
0,0,0.9,0.1,
0,0,0.9,0.1,
0,0,0.91,0.09,
0,0,0.99,0.01,
0,0,0.89,0.11,
0,0,0.91,0.09,
0,0,0.9,0.1,
0,0,0.84,0.16,
0,0,0.99,0.01,
0,0,0.99,0.01,
0,0,1.0,0.0,
0,0,0.99,0.01,
0,0,1.0,0.0,
0,0,0.98,0.02,
0,0,0.92,0.08,
0,0,1.0,0.0,
0,0,0.88,0.12,
0,0,0.85,0.15,
0,0,0.9,0.1,
0,0,0.9,0.1,
0,0,0.94,0.06,
0,0,0.93,0.07,
0,0,0.73,0.27,
0,0,0.71,0.29,
0,0,0.73,0.27,
0,0,0.71,0.29,
0,0,0.99,0.01,
0,0,0.86,0.14,
0,0,0.9,0.1,
0,0,0.96,0.04,
0,0,0.98,0.02,
0,0,0.96,0.04,
0,0,0.95,0.05,
0,0,0.92,0.08,
0,0,0.88,0.12,
0,0,0.93,0.07,
0,0,0.92,0.08,
0,0,0.99,0.01,
0,0,0.98,0.02,
0,0,0.98,0.02,
0,0,0.98,0.02,
0,0,0.99,0.01,
0,0,0.95,0.05,
0,0,0.77,0.23,
0,0,0.9,0.1,
0,0,0.9,0.1,
0,0,0.97,0.03,
0,0,0.99,0.01,
0,0,0.91,0.09,
0,0,0.97,0.03,
0,0,0.92,0.08,
0,0,1.0,0.0,
0,0,1.0,0.0,
0,0,0.99,0.01,
0,0,0.99,0.01,
0,0,0.8658162592699962,0.13418374073000386,
0,0,0.98,0.02,
0,0,0.8898474078747982,0.11015259212520177,
0,0,0.989047619047619,0.01095238095238095,
0,0,0.5034444864644884,0.4965555135355116,
0,0,0.5787076443592253,0.4212923556407748,
0,0,0.99,0.01,
0,0,0.96,0.04,
0,0,0.95,0.05,
0,0,0.96,0.04,
0,0,0.89,0.11,
0,0,0.68,0.32,
0,0,0.68,0.32,
0,0,0.67,0.33,
0,0,0.77,0.23,
0,0,0.75,0.25,
0,0,0.8146000000000001,0.18539999999999998,
0,0,0.5244187554703363,0.4755812445296636,
0,0,0.798364705882353,0.20163529411764705,
0,1,0.49644990407513845,0.5035500959248616,
0,0,0.73,0.27,
0,0,0.68,0.32,
0,0,0.88,0.12,
0,0,0.72,0.28,
0,0,0.9,0.1,
0,0,0.83,0.17,
0,1,0.1823886397029805,0.8176113602970194,
0,1,0.27309200879765394,0.7269079912023461,
0,1,0.16949663923033487,0.8305033607696651,
0,1,0.2505113636363636,0.7494886363636364,
0,1,0.2,0.8,
0,1,0.26,0.74,
0,1,0.25,0.75,
0,1,0.3,0.7,
0,0,0.91,0.09,
0,0,0.66,0.34,
0,0,0.5652490118577075,0.43475098814229246,
0,0,0.5752490118577075,0.4247509881422925,
0,0,0.6595710457560126,0.3404289542439874,
0,0,0.73,0.27,
0,0,0.72,0.28,
0,0,0.6,0.4,
0,0,0.94,0.06,
0,0,0.88,0.12,
0,0,0.6868437730287398,0.3131562269712601,
0,0,0.72,0.28,
0,0,0.72,0.28,
0,0,0.96,0.04,
0,0,0.95,0.05,
0,0,0.97,0.03,
0,0,0.89,0.11,
0,0,0.97,0.03,
0,0,0.88,0.12,
0,0,0.94,0.06,
0,0,0.72,0.28,
0,0,0.6,0.4,
0,0,0.96,0.04,
0,0,0.9,0.1,
0,0,0.92,0.08,
0,0,0.88,0.12,
0,0,0.76,0.24,
0,0,0.9304873119015751,0.06951268809842491,
0,0,0.9002754095967935,0.09972459040320647,
0,0,0.9567647058823529,0.04323529411764705,
0,0,0.9516121137571512,0.048387886242848815,
0,0,0.99,0.01,
0,0,0.9314365600218758,0.06856343997812414,
0,0,0.9196457103486732,0.08035428965132674,
0,0,0.9757142857142856,0.024285714285714285,
0,0,0.937967708626678,0.062032291373322064,
0,0,0.9397324145090309,0.06026758549096912,
0,0,0.98,0.02,
0,0,0.98,0.02,
0,0,0.96,0.04,
0,0,0.85,0.15,
0,0,0.84,0.16,
0,0,1.0,0.0,
0,0,1.0,0.0,
0,0,0.98,0.02,
0,0,0.988,0.012,
0,0,0.85,0.15,
0,0,0.99,0.01,
0,0,0.89,0.11,
0,0,0.87,0.13,
0,0,0.93,0.07,
0,0,0.89,0.11,
0,0,0.72,0.28,
0,0,0.97,0.03,
0,0,0.606217008797654,0.393782991202346,
0,0,0.6450397898881,0.35496021011190004,
0,0,0.72,0.28,
0,0,0.5,0.5,
0,0,0.69,0.31,
0,0,0.71,0.29